Country Name,Country Code,Year,LifeExpectancy,HealthSpending
Africa Eastern and Southern,AFE,2000,52.55734186,42.6864155481713
Africa Western and Central,AFW,2000,50.29798308,18.1998505848676
Angola,AGO,2000,46.501,13.15998554
Albania,ALB,2000,74.826,65.47674561
Andorra,AND,2000,81.863,1295.08508301
Arab World,ARB,2000,66.89069989,111.845472245485
United Arab Emirates,ARE,2000,76.347,706.03112793
Argentina,ARG,2000,73.91,702.23309326
Armenia,ARM,2000,72.8804878,25.6606369
Antigua and Barbuda,ATG,2000,74.819,520.12213135
Australia,AUS,2000,79.23414634,1626.73388672
Austria,AUT,2000,78.12682927,2269.12646484
Azerbaijan,AZE,2000,65.377,18.64016533
Burundi,BDI,2000,47.617,5.67927122
Belgium,BEL,2000,77.72195122,1849.91601563
Benin,BEN,2000,56.594,14.42371464
Burkina Faso,BFA,2000,50.808,7.34345675
Bangladesh,BGD,2000,62.049,8.27585602
Bulgaria,BGR,2000,71.66341463,94.51976013
Bahrain,BHR,2000,74.673,451.50253296
"Bahamas, The",BHS,2000,72.481,948.88244629
Bosnia and Herzegovina,BIH,2000,75.292,106.5786972
Belarus,BLR,2000,68.91219512,57.02944183
Belize,BLZ,2000,68.911,138.99145508
Bolivia,BOL,2000,62.057,42.89028168
Brazil,BRA,2000,69.584,313.92590332
Barbados,BRB,2000,74.58,622.47875977
Brunei Darussalam,BRN,2000,74.017,519.05047607
Bhutan,BTN,2000,61.842,30.5911293
Botswana,BWA,2000,52.263,206.93144226
Central African Republic,CAF,2000,46.609,9.9123354
Canada,CAN,2000,79.16682927,1988.15942383
Central Europe and the Baltics,CEB,2000,72.71972472,221.145618423313
Switzerland,CHE,2000,79.6804878,3559.81982422
Chile,CHL,2000,77.128,353.25033569
China,CHN,2000,72.288,42.80797577
Cote d'Ivoire,CIV,2000,51.393,33.58165741
Cameroon,CMR,2000,53.338,30.438097
"Congo, Dem. Rep.",COD,2000,51.887,17.52071953
"Congo, Rep.",COG,2000,55.371,17.35089302
Colombia,COL,2000,70.905,134.71453857
Comoros,COM,2000,58.941,47.59433365
Cabo Verde,CPV,2000,68.117,59.54011154
Costa Rica,CRI,2000,77.317,250.30950928
Caribbean small states,CSS,2000,68.28187806,302.787951840886
Cuba,CUB,2000,75.922,181.09315491
Cyprus,CYP,2000,77.9,750.51672363
Czechia,CZE,2000,74.96829268,342.92108154
Germany,DEU,2000,77.92682927,2344.41088867
Djibouti,DJI,2000,56.734,35.48954773
Dominica,DMA,2000,71.715,259.0213623
Denmark,DNK,2000,76.59268293,2496.04711914
Dominican Republic,DOM,2000,70.365,138.29624939
Algeria,DZA,2000,70.576,61.85785294
East Asia & Pacific (excluding high income),EAP,2000,70.73570716,38.3870667965661
Early-demographic dividend,EAR,2000,64.21960983,63.3816691495132
East Asia & Pacific,EAS,2000,71.70283232,239.832698847011
Europe & Central Asia (excluding high income),ECA,2000,68.85705319,87.4583496299326
Europe & Central Asia,ECS,2000,73.11379485,935.374603657511
Ecuador,ECU,2000,72.09,48.11405182
"Egypt, Arab Rep.",EGY,2000,67.332,69.37174988
Euro area,EMU,2000,78.19977933,1731.81464765349
Eritrea,ERI,2000,56.285,14.03034782
Spain,ESP,2000,78.96585366,1005.28399658
Estonia,EST,2000,70.41707317,209.97769165
Ethiopia,ETH,2000,50.88,5.28970861
European Union,EUU,2000,77.07824508,1432.37901922712
Fragile and conflict affected situations,FCS,2000,55.53424113,23.3370522908888
Finland,FIN,2000,77.46585366,1726.74438477
Fiji,FJI,2000,66.194,74.28569794
France,FRA,2000,79.05609756,2161.85302734
"Micronesia, Fed. Sts.",FSM,2000,64.317,161.47862244
Gabon,GAB,2000,61.81,123.05036926
United Kingdom,GBR,2000,77.74146341,2027.64416504
Georgia,GEO,2000,70.091,52.25807953
Ghana,GHA,2000,58.139,10.4517746
Guinea,GIN,2000,52.42,22.71722412
"Gambia, The",GMB,2000,56.899,74.83678436
Guinea-Bissau,GNB,2000,50.565,13.2785511
Equatorial Guinea,GNQ,2000,53.395,18.24036026
Greece,GRC,2000,77.88780488,885.41052246
Grenada,GRD,2000,72.955,259.33764648
Guatemala,GTM,2000,67.102,83.61930084
Guyana,GUY,2000,64.075,62.37635422
High income,HIC,2000,76.03780223,2114.85664857072
Honduras,HND,2000,68.302,68.48374939
Heavily indebted poor countries (HIPC),HPC,2000,53.00267076,15.9171457706241
Croatia,HRV,2000,72.80780488,371.06213379
Haiti,HTI,2000,58.175,30.35855865
Hungary,HUN,2000,71.24634146,313.10858154
IBRD only,IBD,2000,68.28696493,76.0160949748457
IDA & IBRD total,IBT,2000,65.65609553,63.1356443970113
IDA total,IDA,2000,56.40988031,16.3912729770489
IDA blend,IDB,2000,55.79704251,19.5095932685001
Indonesia,IDN,2000,66.292,15.39148712
IDA only,IDX,2000,56.71463856,14.8160329826446
India,IND,2000,62.749,18.47883415
Ireland,IRL,2000,76.53658537,1564.83764648
"Iran, Islamic Rep.",IRN,2000,70.166,79.89089203
Iceland,ISL,2000,79.65365854,2855.57470703
Israel,ISR,2000,78.95365854,1473.00915527
Italy,ITA,2000,79.77804878,1524.23962402
Jamaica,JAM,2000,71.281,194.91415405
Jordan,JOR,2000,71.926,151.33486938
Japan,JPN,2000,81.07609756,2751.38452148
Kazakhstan,KAZ,2000,63.793,49.093647
Kenya,KEN,2000,56.084,21.53400993
Kyrgyz Republic,KGZ,2000,68.55853659,12.0349474
Cambodia,KHM,2000,59.491,19.28210449
Kiribati,KIR,2000,64.674,65.61151886
St. Kitts and Nevis,KNA,2000,69.249,446.66659546
"Korea, Rep.",KOR,2000,75.9097561,475.2520752
Kuwait,KWT,2000,76.22587805,425.20968628
Latin America & Caribbean (excluding high income),LAC,2000,70.51041302,276.397065128917
Lao PDR,LAO,2000,58.317,14.10313892
Lebanon,LBN,2000,73.895,425.70095825
Liberia,LBR,2000,51.852,8.48562813
Libya,LBY,2000,70.542,247.1134491
St. Lucia,LCA,2000,70.779,285.84280396
Latin America & Caribbean,LCN,2000,70.8691415,282.099963615626
Least developed countries: UN classification,LDC,2000,55.40080396,11.5449195962601
Low income,LIC,2000,53.5791508,14.1221339553179
Sri Lanka,LKA,2000,71.179,42.54893112
Lower middle income,LMC,2000,61.7560695,22.5900087770072
Low & middle income,LMY,2000,65.47679665,59.0696490267433
Lesotho,LSO,2000,48.783,23.71122551
Late-demographic dividend,LTE,2000,71.2853077,88.5032782044721
Lithuania,LTU,2000,72.0195122,217.1761322
Luxembourg,LUX,2000,77.87317073,2901.19995117
Latvia,LVA,2000,70.31463415,181.57072449
Morocco,MAR,2000,66.794,54.63968277
Monaco,MCO,2000,82.121,2968.43188477
Moldova,MDA,2000,67.462,21.37988663
Madagascar,MDG,2000,57.974,11.1882658
Maldives,MDV,2000,70.892,219.8586731
Middle East & North Africa,MEA,2000,69.02020121,144.461426742034
Mexico,MEX,2000,72.562,319.34719849
Marshall Islands,MHL,2000,63.323,306.73342896
Middle income,MIC,2000,66.50916459,62.4125570196907
North Macedonia,MKD,2000,72.94634146,162.68013
Mali,MLI,2000,50.605,14.00467396
Malta,MLT,2000,78.34878049,647.10150146
Myanmar,MMR,2000,60.357,4.47214985
Middle East & North Africa (excluding high income),MNA,2000,68.38822614,78.3107495783838
Mongolia,MNG,2000,63.2104878,28.13583946
Mozambique,MOZ,2000,49.476,7.00877714
Mauritania,MRT,2000,61.044,23.00290108
Mauritius,MUS,2000,71.66341463,115.89820862
Malawi,MWI,2000,46.17,8.84964848
Malaysia,MYS,2000,72.732,111.8384552
North America,NAC,2000,76.88503324,4297.41815364329
Namibia,NAM,2000,52.946,200.10691833
Niger,NER,2000,49.172,9.10514259
Nigeria,NGA,2000,47.143,17.15887642
Nicaragua,NIC,2000,66.36,53.29532623
Netherlands,NLD,2000,77.98780488,2028.18139648
Norway,NOR,2000,78.63414634,2948.93164063
Nepal,NPL,2000,62.642,8.34249592
Nauru,NRU,2000,59.574,463.77734375
New Zealand,NZL,2000,78.63658537,1054.28100586
OECD members,OED,2000,76.8195166,2150.13406369451
Oman,OMN,2000,73.643,261.88265991
Other small states,OSS,2000,66.94210803,329.155099208157
Pakistan,PAK,2000,61.903,15.36755657
Panama,PAN,2000,73.443,300.66052246
Peru,PER,2000,69.821,83.63842773
Philippines,PHL,2000,67.789,32.10300446
Palau,PLW,2000,64.499,675.54473877
Papua New Guinea,PNG,2000,61.609,18.84121323
Poland,POL,2000,73.74878049,238.00448608
Pre-demographic dividend,PRE,2000,51.75154783,16.3961928584947
Portugal,PRT,2000,76.31463415,995.34210205
Paraguay,PRY,2000,70.026,104.49077606
West Bank and Gaza,PSE,2000,70.298,129.54533386
Pacific island small states,PSS,2000,66.89148328,82.6006911322602
Post-demographic dividend,PST,2000,77.35137565,2478.16146600839
Qatar,QAT,2000,75.25,553.08605957
Romania,ROU,2000,71.16341463,69.89345551
Russian Federation,RUS,2000,65.48365854,95.20859528
Rwanda,RWA,2000,47.798,9.00399399
South Asia,SAS,2000,62.59368935,17.3474008445115
Saudi Arabia,SAU,2000,72.607,493.36984253
Sudan,SDN,2000,58.946,13.99440765
Senegal,SEN,2000,57.615,21.41570663
Singapore,SGP,2000,77.95121951,796.03100586
Solomon Islands,SLB,2000,67.116,46.02681351
Sierra Leone,SLE,2000,44.834,17.80823517
El Salvador,SLV,2000,67.711,155.52601624
San Marino,SMR,2000,80.504,2176.20825195
Serbia,SRB,2000,71.58292683,56.47927475
Sub-Saharan Africa (excluding high income),SSA,2000,51.64272706,32.3587827664284
Sub-Saharan Africa,SSF,2000,51.64524456,32.3969550125709
Small states,SST,2000,67.16911605,287.492589017066
Sao Tome and Principe,STP,2000,61.207,49.63587952
Suriname,SUR,2000,64.409,166.90083313
Slovak Republic,SVK,2000,73.05121951,203.50627136
Slovenia,SVN,2000,75.41219512,796.64703369
Sweden,SWE,2000,79.64390244,2173.1940918
Eswatini,SWZ,2000,47.627,76.93126678
Seychelles,SYC,2000,72.77804878,340.23703003
Syrian Arab Republic,SYR,2000,70.856,53.47885895
Chad,TCD,2000,47.937,10.07452297
East Asia & Pacific (IDA & IBRD countries),TEA,2000,70.86508266,38.3962858442282
Europe & Central Asia (IDA & IBRD countries),TEC,2000,68.36657975,105.408518116713
Togo,TGO,2000,54.577,10.63639355
Thailand,THA,2000,71.205,62.21043015
Tajikistan,TJK,2000,63.542,5.90626955
Turkmenistan,TKM,2000,64.931,75.52490234
Latin America & the Caribbean (IDA & IBRD countries),TLA,2000,70.71841023,283.987698457593
Middle East & North Africa (IDA & IBRD countries),TMN,2000,68.36864827,77.7363020957579
Tonga,TON,2000,69.635,53.3949585
South Asia (IDA & IBRD),TSA,2000,62.59368935,17.3474008445115
Sub-Saharan Africa (IDA & IBRD countries),TSS,2000,51.64524456,32.396955012571
Trinidad and Tobago,TTO,2000,68.629,266.16275024
Tunisia,TUN,2000,72.604,111.01378632
Turkiye,TUR,2000,71.931,192.8344574
Tuvalu,TUV,2000,63.536,351.92758179
Tanzania,TZA,2000,53.244,12.33031845
Uganda,UGA,2000,49.64,16.42591858
Ukraine,UKR,2000,67.786,34.62232971
Upper middle income,UMC,2000,70.77140189,98.3167147012265
Uruguay,URY,2000,74.693,699.20495605
United States,USA,2000,76.63658537,4548.5546875
Uzbekistan,UZB,2000,65.456,35.72119904
St. Vincent and the Grenadines,VCT,2000,70.35,149.9225769
Viet Nam,VNM,2000,72.746,21.0719223
Vanuatu,VUT,2000,68.586,48.28763199
World,WLD,2000,67.64972572,475.744809814321
Samoa,WSM,2000,70.791,60.4606514
"Yemen, Rep.",YEM,2000,62.761,22.91244888
South Africa,ZAF,2000,58.368,236.08114624
Zambia,ZMB,2000,46.577,15.00134468
Africa Eastern and Southern,AFE,2001,52.87553605,37.7867723772784
Africa Western and Central,AFW,2001,50.67779041,18.7691806226679
Angola,AGO,2001,47.032,29.26095772
Albania,ALB,2001,75.083,73.92171478
Andorra,AND,2001,82.162,1376.14428711
Arab World,ARB,2001,67.24061704,114.527455341598
United Arab Emirates,ARE,2001,77.621,689.29278564
Argentina,ARG,2001,74.154,668.79309082
Armenia,ARM,2001,72.97560976,31.90725899
Antigua and Barbuda,ATG,2001,75.108,572.20776367
Australia,AUS,2001,79.63414634,1550.37390137
Austria,AUT,2001,78.57560976,2282.515625
Azerbaijan,AZE,2001,66.043,19.19010162
Burundi,BDI,2001,48.509,7.50815582
Belgium,BEL,2001,77.97317073,1879.93457031
Benin,BEN,2001,56.654,16.26979828
Burkina Faso,BFA,2001,51.188,7.49485111
Bangladesh,BGD,2001,62.836,8.10025787
Bulgaria,BGR,2001,71.76829268,119.82997894
Bahrain,BHR,2001,74.942,457.59741211
"Bahamas, The",BHS,2001,72.765,995.71844482
Bosnia and Herzegovina,BIH,2001,75.573,105.10999298
Belarus,BLR,2001,68.50731707,73.3659668
Belize,BLZ,2001,68.944,163.102005
Bolivia,BOL,2001,62.538,44.88241577
Brazil,BRA,2001,69.98,271.56121826
Barbados,BRB,2001,74.707,643.1159668
Brunei Darussalam,BRN,2001,74.209,474.11706543
Bhutan,BTN,2001,63.323,35.08880234
Botswana,BWA,2001,52.21,203.01203918
Central African Republic,CAF,2001,46.734,9.20995235
Canada,CAN,2001,79.39804878,2041.87512207
Central Europe and the Baltics,CEB,2001,73.09614819,252.175939049331
Switzerland,CHE,2001,80.1804878,3763.38452148
Chile,CHL,2001,77.58,323.63336182
China,CHN,2001,72.675,44.36042023
Cote d'Ivoire,CIV,2001,51.428,33.94552612
Cameroon,CMR,2001,53.598,29.82297325
"Congo, Dem. Rep.",COD,2001,52.205,5.4341011
"Congo, Rep.",COG,2001,55.885,20.30390549
Colombia,COL,2001,71.185,138.47569275
Comoros,COM,2001,59.587,45.34594727
Cabo Verde,CPV,2001,68.707,63.55782318
Costa Rica,CRI,2001,77.609,258.00057983
Caribbean small states,CSS,2001,68.55637214,300.284453684328
Cuba,CUB,2001,76.429,198.49874878
Cyprus,CYP,2001,78.185,782.16162109
Czechia,CZE,2001,75.17317073,388.54403687
Germany,DEU,2001,78.32926829,2346.66918945
Djibouti,DJI,2001,57.506,33.61427689
Dominica,DMA,2001,71.862,231.52333069
Denmark,DNK,2001,76.79268293,2602.64306641
Dominican Republic,DOM,2001,70.553,143.32540894
Algeria,DZA,2001,71.025,67.05859375
East Asia & Pacific (excluding high income),EAP,2001,71.07409239,39.5186477360248
Early-demographic dividend,EAR,2001,64.55670545,64.03235177879
East Asia & Pacific,EAS,2001,72.041306,222.890526954309
Europe & Central Asia (excluding high income),ECA,2001,69.09027771,79.9049262257898
Europe & Central Asia,ECS,2001,73.35587863,965.188076844167
Ecuador,ECU,2001,72.571,71.16015625
"Egypt, Arab Rep.",EGY,2001,67.612,68.67334747
Euro area,EMU,2001,78.54352954,1773.77006355423
Eritrea,ERI,2001,58.359,14.90675831
Spain,ESP,2001,79.36829268,1045.05065918
Estonia,EST,2001,70.25853659,214.70417786
Ethiopia,ETH,2001,51.428,5.50955105
European Union,EUU,2001,77.42562093,1474.86144796481
Fragile and conflict affected situations,FCS,2001,55.76713565,23.4819123978182
Finland,FIN,2001,77.96585366,1810.40380859
Fiji,FJI,2001,66.205,61.49855804
France,FRA,2001,79.15853659,2192.71557617
"Micronesia, Fed. Sts.",FSM,2001,64.801,181.29023743
Gabon,GAB,2001,61.982,120.76461029
United Kingdom,GBR,2001,77.99268293,2083.99023438
Georgia,GEO,2001,70.371,56.36803818
Ghana,GHA,2001,58.403,12.14821911
Guinea,GIN,2001,52.669,21.76875114
"Gambia, The",GMB,2001,57.283,55.65046692
Guinea-Bissau,GNB,2001,51.054,14.82278728
Equatorial Guinea,GNQ,2001,53.827,26.85599136
Greece,GRC,2001,78.38780488,1004.81542969
Grenada,GRD,2001,73.034,271.03814697
Guatemala,GTM,2001,67.436,100.02039337
Guyana,GUY,2001,64.38,60.09927368
High income,HIC,2001,76.31063379,2196.22840510371
Honduras,HND,2001,68.491,67.13735199
Heavily indebted poor countries (HIPC),HPC,2001,53.53488609,15.1625554880095
Croatia,HRV,2001,74.51292683,388.32489014
Haiti,HTI,2001,58.591,27.39323044
Hungary,HUN,2001,72.24878049,359.69750977
IBRD only,IBD,2001,68.58471351,76.7336745061017
IDA & IBRD total,IBT,2001,65.96676026,63.4525345140019
IDA total,IDA,2001,56.87912581,15.8657537012174
IDA blend,IDB,2001,56.09977987,18.5046257668326
Indonesia,IDN,2001,66.583,16.8734417
IDA only,IDX,2001,57.26788456,14.5280160969788
India,IND,2001,63.158,19.74444199
Ireland,IRL,2001,77.13414634,1823.73474121
"Iran, Islamic Rep.",IRN,2001,70.619,93.23036957
Iceland,ISL,2001,80.6902439,2528.5456543
Israel,ISR,2001,79.40731707,1509.44506836
Italy,ITA,2001,80.12682927,1586.67272949
Jamaica,JAM,2001,71.287,180.66116333
Jordan,JOR,2001,72.141,161.33900452
Japan,JPN,2001,81.41634146,2488.65185547
Kazakhstan,KAZ,2001,64.108,49.36683273
Kenya,KEN,2001,56.501,22.11487579
Kyrgyz Republic,KGZ,2001,68.70731707,12.87845421
Cambodia,KHM,2001,60.457,22.18662643
Kiribati,KIR,2001,64.918,85.88798523
St. Kitts and Nevis,KNA,2001,69.767,440.21563721
"Korea, Rep.",KOR,2001,76.41219512,503.15795898
Kuwait,KWT,2001,76.38434146,553.75134277
Latin America & Caribbean (excluding high income),LAC,2001,70.87185896,269.332809259056
Lao PDR,LAO,2001,58.887,14.46665001
Lebanon,LBN,2001,74.354,416.57485962
Liberia,LBR,2001,53.109,6.83265972
Libya,LBY,2001,70.653,255.77108765
St. Lucia,LCA,2001,71.367,285.04898071
Latin America & Caribbean,LCN,2001,71.15054649,274.330129049917
Least developed countries: UN classification,LDC,2001,55.985067,11.5070642622384
Low income,LIC,2001,54.10629859,12.7620788378088
Sri Lanka,LKA,2001,71.804,39.87185287
Lower middle income,LMC,2001,62.13753694,23.3266704631054
Low & middle income,LMY,2001,65.80773085,58.4825647641091
Lesotho,LSO,2001,47.153,28.22144127
Late-demographic dividend,LTE,2001,71.62749333,89.2919088068763
Lithuania,LTU,2001,71.65853659,218.81802368
Luxembourg,LUX,2001,77.82439024,3109.20141602
Latvia,LVA,2001,70.76097561,205.02047729
Morocco,MAR,2001,67.2,56.55395889
Monaco,MCO,2001,82.485,3047.76098633
Moldova,MDA,2001,67.672,25.3985939
Madagascar,MDG,2001,58.674,13.13894939
Maldives,MDV,2001,71.659,229.80044556
Middle East & North Africa,MEA,2001,69.40731042,150.603942264668
Mexico,MEX,2001,72.912,364.39672852
Marshall Islands,MHL,2001,63.735,269.22146606
Middle income,MIC,2001,66.83582452,61.9326834110568
North Macedonia,MKD,2001,73.43658537,150.4312439
Mali,MLI,2001,51.3,13.15898132
Malta,MLT,2001,78.84390244,685.98400879
Myanmar,MMR,2001,60.64,4.62700701
Middle East & North Africa (excluding high income),MNA,2001,68.75546608,82.8748986473172
Mongolia,MNG,2001,63.39170732,27.85225105
Mozambique,MOZ,2001,50.259,8.53719139
Mauritania,MRT,2001,61.662,23.28163338
Mauritius,MUS,2001,71.76585366,116.36106873
Malawi,MWI,2001,47.205,7.42542601
Malaysia,MYS,2001,73.08,114.91710663
North America,NAC,2001,77.08834853,4620.92748521486
Namibia,NAM,2001,51.98,185.65335083
Niger,NER,2001,49.872,9.74551487
Nigeria,NGA,2001,47.549,17.96053314
Nicaragua,NIC,2001,67.028,57.69081879
Netherlands,NLD,2001,78.1902439,2175.73046875
Norway,NOR,2001,78.78536585,3099.00341797
Nepal,NPL,2001,63.288,10.26854038
Nauru,NRU,2001,59.482,349.01687622
New Zealand,NZL,2001,78.69268293,1053.73632813
OECD members,OED,2001,77.12073946,2225.93589612725
Oman,OMN,2001,73.979,259.59085083
Other small states,OSS,2001,67.1314604,324.567984383249
Pakistan,PAK,2001,62.241,13.41587162
Panama,PAN,2001,73.82,296.75146484
Peru,PER,2001,70.315,89.36621857
Philippines,PHL,2001,67.829,27.60987473
Palau,PLW,2001,64.8,640.58422852
Papua New Guinea,PNG,2001,61.647,18.19814301
Poland,POL,2001,74.2,282.8210144
Pre-demographic dividend,PRE,2001,52.25215724,16.4200567404804
Portugal,PRT,2001,76.81463415,1015.54956055
Paraguay,PRY,2001,70.281,91.8441391
West Bank and Gaza,PSE,2001,69.75,127.37930298
Pacific island small states,PSS,2001,67.01672433,79.4335892004223
Post-demographic dividend,PST,2001,77.63406286,2570.46334022845
Qatar,QAT,2001,75.486,598.73602295
Romania,ROU,2001,71.16097561,78.8175354
Russian Federation,RUS,2001,65.38341463,117.87785339
Rwanda,RWA,2001,49.49,7.86746025
South Asia,SAS,2001,63.03994062,18.0724715640604
Saudi Arabia,SAU,2001,72.951,482.10446167
Sudan,SDN,2001,59.264,15.18379402
Senegal,SEN,2001,58.158,23.45893669
Singapore,SGP,2001,78.25121951,690.01330566
Solomon Islands,SLB,2001,67.237,60.23266602
Sierra Leone,SLE,2001,45.448,19.44268227
El Salvador,SLV,2001,67.965,162.30456543
San Marino,SMR,2001,80.803,2202.07763672
Serbia,SRB,2001,72.23414634,112.19810486
Sub-Saharan Africa (excluding high income),SSA,2001,51.98471653,29.7418386721822
Sub-Saharan Africa,SSF,2001,51.98718524,29.7853889247799
Small states,SST,2001,67.36300403,283.528870610295
Sao Tome and Principe,STP,2001,61.5,47.14751816
Suriname,SUR,2001,64.82,91.73781586
Slovak Republic,SVK,2001,73.40243902,212.22207642
Slovenia,SVN,2001,75.75853659,826.22576904
Sweden,SWE,2001,79.79512195,2155.85424805
Eswatini,SWZ,2001,46.344,75.41345978
Seychelles,SYC,2001,73.25365854,390.20773315
Syrian Arab Republic,SYR,2001,71.296,57.49734879
Chad,TCD,2001,48.306,11.64042854
East Asia & Pacific (IDA & IBRD countries),TEA,2001,71.20773699,39.5267988323696
Europe & Central Asia (IDA & IBRD countries),TEC,2001,68.50802504,114.164795603981
Togo,TGO,2001,54.746,10.63499069
Thailand,THA,2001,71.52,57.19389343
Tajikistan,TJK,2001,64.197,7.56599855
Turkmenistan,TKM,2001,65.325,120.8463974
Latin America & the Caribbean (IDA & IBRD countries),TLA,2001,70.99523664,275.580212208494
Middle East & North Africa (IDA & IBRD countries),TMN,2001,68.74520912,82.3723440384204
Tonga,TON,2001,69.8,55.2772522
South Asia (IDA & IBRD),TSA,2001,63.03994062,18.0724715640604
Sub-Saharan Africa (IDA & IBRD countries),TSS,2001,51.98718524,29.7853889247799
Trinidad and Tobago,TTO,2001,68.874,272.72851563
Tunisia,TUN,2001,72.822,114.00454712
Turkiye,TUR,2001,72.271,148.86210632
Tuvalu,TUV,2001,63.709,261.71032715
Tanzania,TZA,2001,54.124,15.1739912
Uganda,UGA,2001,50.576,15.99569035
Ukraine,UKR,2001,67.675,44.14328766
Upper middle income,UMC,2001,71.09281749,97.1124350798643
Uruguay,URY,2001,74.987,679.4229126
United States,USA,2001,76.83658537,4901.67529297
Uzbekistan,UZB,2001,65.853,30.46290398
St. Vincent and the Grenadines,VCT,2001,70.382,162.93431091
Viet Nam,VNM,2001,72.984,25.55491257
Vanuatu,VUT,2001,68.722,45.73453903
World,WLD,2001,67.94439282,488.163767513159
Samoa,WSM,2001,71.028,56.09679031
"Yemen, Rep.",YEM,2001,63.286,24.09247589
South Africa,ZAF,2001,57.161,202.81065369
Zambia,ZMB,2001,47.408,19.15345192
Africa Eastern and Southern,AFE,2002,53.20674433,34.9671084093502
Afghanistan,AFG,2002,56.225,16.70697403
Africa Western and Central,AFW,2002,51.10802357,19.7668741995603
Angola,AGO,2002,47.874,29.37077141
Albania,ALB,2002,75.299,78.72909546
Andorra,AND,2002,82.448,1583.21118164
Arab World,ARB,2002,67.58063028,113.321486891081
United Arab Emirates,ARE,2002,78.721,754.26220703
Argentina,ARG,2002,74.312,221.80255127
Armenia,ARM,2002,72.82682927,59.20983887
Antigua and Barbuda,ATG,2002,75.237,559.08331299
Australia,AUS,2002,79.93658537,1752.93896484
Austria,AUT,2002,78.67804878,2497.8659668
Azerbaijan,AZE,2002,66.769,20.45606041
Burundi,BDI,2002,49.924,6.46998882
Belgium,BEL,2002,78.07560976,2084.7199707
Benin,BEN,2002,56.851,16.9179287
Burkina Faso,BFA,2002,51.447,8.48715401
Bangladesh,BGD,2002,63.591,9.05402279
Bulgaria,BGR,2002,71.86585366,148.1479187
Bahrain,BHR,2002,75.209,469.15478516
"Bahamas, The",BHS,2002,73.023,1021.03601074
Bosnia and Herzegovina,BIH,2002,75.994,118.87058258
Belarus,BLR,2002,68.05609756,85.97066498
Belize,BLZ,2002,69.528,172.80645752
Bolivia,BOL,2002,63.068,43.49106216
Brazil,BRA,2002,70.396,248.37753296
Barbados,BRB,2002,74.82,689.30773926
Brunei Darussalam,BRN,2002,74.365,482.52624512
Bhutan,BTN,2002,63.984,32.9380188
Botswana,BWA,2002,52.373,206.11392212
Central African Republic,CAF,2002,46.84,10.44132614
Canada,CAN,2002,79.53073171,2134.84960938
Central Europe and the Baltics,CEB,2002,73.24241549,298.232476945865
Switzerland,CHE,2002,80.38536585,4211.72949219
Chile,CHL,2002,77.84,319.53222656
China,CHN,2002,73.034,49.92394638
Cote d'Ivoire,CIV,2002,51.544,36.06715393
Cameroon,CMR,2002,53.922,31.79577446
"Congo, Dem. Rep.",COD,2002,52.371,4.17578602
"Congo, Rep.",COG,2002,56.414,16.99031258
Colombia,COL,2002,71.537,132.18363953
Comoros,COM,2002,59.723,51.12133408
Cabo Verde,CPV,2002,69.447,69.12203979
Costa Rica,CRI,2002,77.939,279.41705322
Caribbean small states,CSS,2002,68.73497845,325.608669545295
Cuba,CUB,2002,76.766,213.81524658
Cyprus,CYP,2002,78.758,890.48297119
Czechia,CZE,2002,75.22195122,497.74203491
Germany,DEU,2002,78.22926829,2567.50292969
Djibouti,DJI,2002,57.824,39.49966431
Dominica,DMA,2002,71.927,226.86923218
Denmark,DNK,2002,76.89512195,2895.80737305
Dominican Republic,DOM,2002,70.719,152.86595154
Algeria,DZA,2002,71.644,66.681633
East Asia & Pacific (excluding high income),EAP,2002,71.39674996,44.0812359616665
Early-demographic dividend,EAR,2002,64.96807468,58.7851948317807
East Asia & Pacific,EAS,2002,72.35710581,224.542602727972
Europe & Central Asia (excluding high income),ECA,2002,69.31873062,95.8974587503832
Europe & Central Asia,ECS,2002,73.44624838,1089.56255281372
Ecuador,ECU,2002,73.164,97.25205231
"Egypt, Arab Rep.",EGY,2002,67.846,63.99928665
Euro area,EMU,2002,78.63398524,1975.22554192208
Eritrea,ERI,2002,58.941,15.77544498
Spain,ESP,2002,79.56829268,1174.5793457
Estonia,EST,2002,70.90487805,250.48020935
Ethiopia,ETH,2002,52.085,5.14964151
European Union,EUU,2002,77.53388189,1651.15511975626
Fragile and conflict affected situations,FCS,2002,56.19589208,23.2851471621134
Finland,FIN,2002,78.1195122,2059.3269043
Fiji,FJI,2002,65.492,69.40512085
France,FRA,2002,79.26097561,2449.75830078
"Micronesia, Fed. Sts.",FSM,2002,63.907,169.95617676
Gabon,GAB,2002,62.175,131.85105896
United Kingdom,GBR,2002,78.14390244,2374.82177734
Georgia,GEO,2002,70.438,66.08916473
Ghana,GHA,2002,58.709,14.30371571
Guinea,GIN,2002,53.2,24.83917809
"Gambia, The",GMB,2002,57.736,35.99459839
Guinea-Bissau,GNB,2002,51.608,14.36923409
Equatorial Guinea,GNQ,2002,54.324,71.37155151
Greece,GRC,2002,78.64146341,1168.82409668
Grenada,GRD,2002,73.142,307.84365845
Guatemala,GTM,2002,67.835,107.62042236
Guyana,GUY,2002,64.183,65.04125214
High income,HIC,2002,76.43453112,2382.10689610055
Honduras,HND,2002,68.714,70.72001648
Heavily indebted poor countries (HIPC),HPC,2002,54.05776786,16.0554938516769
Croatia,HRV,2002,74.71731707,386.4440918
Haiti,HTI,2002,59.041,22.36586189
Hungary,HUN,2002,72.34878049,473.12783813
IBRD only,IBD,2002,68.90437649,75.9430987215836
IDA & IBRD total,IBT,2002,66.29368382,62.7034166721593
IDA total,IDA,2002,57.34819106,16.7212980018191
IDA blend,IDB,2002,56.49272159,18.8508198148216
Indonesia,IDN,2002,66.954,18.97848511
IDA only,IDX,2002,57.77534594,15.668937083863
India,IND,2002,63.649,20.15651703
Ireland,IRL,2002,77.63414634,2200.35742188
"Iran, Islamic Rep.",IRN,2002,71.112,104.64105988
Iceland,ISL,2002,80.50243902,3046.81665039
Israel,ISR,2002,79.45121951,1355.33447266
Italy,ITA,2002,80.22926829,1762.53759766
Jamaica,JAM,2002,71.478,174.66261292
Jordan,JOR,2002,72.359,164.75001526
Japan,JPN,2002,81.69073171,2412.35131836
Kazakhstan,KAZ,2002,64.441,56.88095856
Kenya,KEN,2002,56.759,22.28772163
Kyrgyz Republic,KGZ,2002,68.15609756,14.4122982
Cambodia,KHM,2002,61.395,24.26277161
Kiribati,KIR,2002,65.123,92.96794891
St. Kitts and Nevis,KNA,2002,70.194,465.07720947
"Korea, Rep.",KOR,2002,76.76585366,537.16113281
Kuwait,KWT,2002,76.53163415,578.41534424
Latin America & Caribbean (excluding high income),LAC,2002,71.21794955,230.924654580942
Lao PDR,LAO,2002,59.302,12.90540886
Lebanon,LBN,2002,74.836,391.74139404
Liberia,LBR,2002,54.061,6.94840527
Libya,LBY,2002,70.788,181.7310791
St. Lucia,LCA,2002,71.707,299.7996521
Latin America & Caribbean,LCN,2002,71.5629005,236.348819616842
Least developed countries: UN classification,LDC,2002,56.53412286,12.5357452281214
Low income,LIC,2002,54.59419266,13.6918672184297
Sri Lanka,LKA,2002,72.271,41.24043274
Lower middle income,LMC,2002,62.57073577,23.5805714773456
Low & middle income,LMY,2002,66.14809699,56.9457105289362
Lesotho,LSO,2002,45.95,23.2145462
Late-demographic dividend,LTE,2002,71.92757182,94.897775064977
Lithuania,LTU,2002,71.76097561,254.36688232
Luxembourg,LUX,2002,77.96585366,3600.86743164
Latvia,LVA,2002,70.96097561,237.29516602
Morocco,MAR,2002,67.582,63.57953644
Monaco,MCO,2002,83.055,3359.671875
Moldova,MDA,2002,67.793,33.9242363
Madagascar,MDG,2002,59.17,15.01983547
Maldives,MDV,2002,72.36,249.48114014
Middle East & North Africa,MEA,2002,69.80921231,148.926533020052
Mexico,MEX,2002,73.106,385.61471558
Marshall Islands,MHL,2002,63.848,309.72741699
Middle income,MIC,2002,67.1790145,60.461653789145
North Macedonia,MKD,2002,73.03902439,172.87971497
Mali,MLI,2002,51.995,15.8949194
Malta,MLT,2002,78.73902439,830.64630127
Myanmar,MMR,2002,60.925,7.0817728
Middle East & North Africa (excluding high income),MNA,2002,69.150355,83.8720478004588
Mongolia,MNG,2002,63.5402439,30.67812347
Mozambique,MOZ,2002,50.879,10.00207806
Mauritania,MRT,2002,62.249,25.96999741
Mauritius,MUS,2002,71.96585366,132.38633728
Malawi,MWI,2002,48.176,11.17413807
Malaysia,MYS,2002,73.469,121.61391449
North America,NAC,2002,77.19193588,5014.02615656326
Namibia,NAM,2002,51.988,173.55830383
Niger,NER,2002,50.645,10.91576767
Nigeria,NGA,2002,48.02,17.53752899
Nicaragua,NIC,2002,67.95,58.15333939
Netherlands,NLD,2002,78.29268293,2544.81347656
Norway,NOR,2002,78.98780488,3889.95947266
Nepal,NPL,2002,63.507,10.46419716
Nauru,NRU,2002,59.427,298.91278076
New Zealand,NZL,2002,78.84634146,1250.12634277
OECD members,OED,2002,77.28328628,2408.75756852221
Oman,OMN,2002,74.276,274.11166382
Other small states,OSS,2002,67.36076814,368.421397595171
Pakistan,PAK,2002,62.556,14.98332214
Panama,PAN,2002,74.195,308.58657837
Peru,PER,2002,70.815,97.6605072
Philippines,PHL,2002,67.886,26.76997948
Palau,PLW,2002,65.076,609.03295898
Papua New Guinea,PNG,2002,61.643,20.55322266
Poland,POL,2002,74.49756098,315.83145142
Pre-demographic dividend,PRE,2002,52.74239739,17.1940844229583
Portugal,PRT,2002,77.06585366,1139.4029541
Paraguay,PRY,2002,70.539,65.0742569
West Bank and Gaza,PSE,2002,70.88,118.22906494
Pacific island small states,PSS,2002,66.75848246,88.3824422971553
Post-demographic dividend,PST,2002,77.77176915,2788.82994490813
Qatar,QAT,2002,75.766,668.85986328
Romania,ROU,2002,71.0097561,96.57698822
Russian Federation,RUS,2002,65.12878049,140.05729675
Rwanda,RWA,2002,51.262,7.32393837
South Asia,SAS,2002,63.52955115,18.6477131661721
Saudi Arabia,SAU,2002,73.296,449.84130859
Sudan,SDN,2002,59.308,16.70688248
Senegal,SEN,2002,58.912,26.46221161
Singapore,SGP,2002,78.55121951,749.44445801
Solomon Islands,SLB,2002,67.35,76.49930573
Sierra Leone,SLE,2002,46.174,23.70949936
El Salvador,SLV,2002,68.526,166.81164551
San Marino,SMR,2002,81.061,2253.21850586
Serbia,SRB,2002,72.28536585,173.26341248
Sub-Saharan Africa (excluding high income),SSA,2002,52.355212,28.5211307435556
Sub-Saharan Africa,SSF,2002,52.35739431,28.5640283420119
Small states,SST,2002,67.51626717,318.789242821544
Sao Tome and Principe,STP,2002,61.826,50.61143494
Suriname,SUR,2002,65.274,158.21212769
Slovak Republic,SVK,2002,73.60487805,254.12765503
Slovenia,SVN,2002,76.00731707,944.87145996
Sweden,SWE,2002,79.84634146,2459.09863281
Eswatini,SWZ,2002,45.38,74.66481781
Seychelles,SYC,2002,71.08780488,382.27920532
Syrian Arab Republic,SYR,2002,71.742,62.5323143
Chad,TCD,2002,48.36,18.01737785
East Asia & Pacific (IDA & IBRD countries),TEA,2002,71.5343529,44.0886694759408
Europe & Central Asia (IDA & IBRD countries),TEC,2002,68.56290956,133.794421229204
Togo,TGO,2002,55.032,12.01032352
Thailand,THA,2002,71.775,69.68746185
Tajikistan,TJK,2002,64.898,8.21969986
Turkmenistan,TKM,2002,65.593,128.08802795
Latin America & the Caribbean (IDA & IBRD countries),TLA,2002,71.40810691,236.331905732936
Middle East & North Africa (IDA & IBRD countries),TMN,2002,69.13237615,83.4805060452471
Tonga,TON,2002,70.03,62.6541748
South Asia (IDA & IBRD),TSA,2002,63.52955115,18.6477131661721
Sub-Saharan Africa (IDA & IBRD countries),TSS,2002,52.35739431,28.5640283420119
Trinidad and Tobago,TTO,2002,69.232,324.36880493
Tunisia,TUN,2002,73.07,124.64620972
Turkiye,TUR,2002,72.605,181.39144897
Tuvalu,TUV,2002,63.825,207.1824646
Tanzania,TZA,2002,54.94,17.0355854
Uganda,UGA,2002,51.443,15.74429226
Ukraine,UKR,2002,67.699,52.11910248
Upper middle income,UMC,2002,71.39730916,94.4236426920067
Uruguay,URY,2002,74.979,436.44049072
United States,USA,2002,76.93658537,5327.93701172
Uzbekistan,UZB,2002,66.376,24.50708961
St. Vincent and the Grenadines,VCT,2002,70.658,175.48046875
Viet Nam,VNM,2002,73.138,21.87733841
Vanuatu,VUT,2002,68.836,52.34658813
World,WLD,2002,68.23050526,519.048243137078
Samoa,WSM,2002,71.233,72.41275024
"Yemen, Rep.",YEM,2002,63.807,24.80142403
South Africa,ZAF,2002,55.58,179.5135498
Zambia,ZMB,2002,48.461,23.19246864
Africa Eastern and Southern,AFE,2003,53.67830477,50.2183209113464
Afghanistan,AFG,2003,57.171,17.74602509
Africa Western and Central,AFW,2003,51.57812224,31.3683767437068
Angola,AGO,2003,50.218,35.2206955
Albania,ALB,2003,75.557,105.43667603
Andorra,AND,2003,82.718,1885.52746582
Arab World,ARB,2003,67.65033495,109.507391139902
United Arab Emirates,ARE,2003,79.6,784.89343262
Argentina,ARG,2003,74.307,259.99020386
Armenia,ARM,2003,72.82682927,66.31577301
Antigua and Barbuda,ATG,2003,75.313,613.65112305
Australia,AUS,2003,80.23902439,2227.12768555
Austria,AUT,2003,78.63170732,3091.24023438
Azerbaijan,AZE,2003,67.036,23.62244987
Burundi,BDI,2003,50.997,5.87316799
Belgium,BEL,2003,78.12926829,2814.88037109
Benin,BEN,2003,57.092,21.06955719
Burkina Faso,BFA,2003,51.959,11.38967419
Bangladesh,BGD,2003,64.288,9.98434258
Bulgaria,BGR,2003,72.06585366,195.74369812
Bahrain,BHR,2003,75.486,530.5446167
"Bahamas, The",BHS,2003,73.213,1062.43786621
Bosnia and Herzegovina,BIH,2003,76.449,168.42216492
Belarus,BLR,2003,68.55365854,108.51013947
Belize,BLZ,2003,69.819,175.12486267
Bolivia,BOL,2003,63.455,46.41044998
Brazil,BRA,2003,70.884,253.08970642
Barbados,BRB,2003,74.865,808.06054688
Brunei Darussalam,BRN,2003,74.509,545.55560303
Bhutan,BTN,2003,64.662,37.15467834
Botswana,BWA,2003,52.851,269.58544922
Central African Republic,CAF,2003,47.306,12.15000153
Canada,CAN,2003,79.71512195,2534.86474609
Central Europe and the Baltics,CEB,2003,73.38225278,373.197389054378
Switzerland,CHE,2003,80.53658537,5018.52734375
Chile,CHL,2003,77.884,346.1635437
China,CHN,2003,73.385,56.54468155
Cote d'Ivoire,CIV,2003,51.443,43.81231308
Cameroon,CMR,2003,54.253,38.56394196
"Congo, Dem. Rep.",COD,2003,52.952,6.03257608
"Congo, Rep.",COG,2003,57.131,21.51475716
Colombia,COL,2003,72.309,129.71965027
Comoros,COM,2003,60.24,63.91786194
Cabo Verde,CPV,2003,70.006,84.6628952
Costa Rica,CRI,2003,78.214,290.83309937
Caribbean small states,CSS,2003,68.90682784,348.016545611309
Cuba,CUB,2003,77.405,227.49208069
Cyprus,CYP,2003,78.908,1145.05847168
Czechia,CZE,2003,75.17073171,640.66040039
Germany,DEU,2003,78.3804878,3152.79418945
Djibouti,DJI,2003,58.041,46.27521896
Dominica,DMA,2003,71.942,242.78863525
Denmark,DNK,2003,77.14390244,3607.04296875
Dominican Republic,DOM,2003,70.856,104.59856415
Algeria,DZA,2003,71.906,75.9513092
East Asia & Pacific (excluding high income),EAP,2003,71.80399563,50.335614885103
Early-demographic dividend,EAR,2003,65.27915505,65.8089929111183
East Asia & Pacific,EAS,2003,72.73469089,253.031798403404
Europe & Central Asia (excluding high income),ECA,2003,69.58790191,123.735909721197
Europe & Central Asia,ECS,2003,73.56217902,1350.65817029271
Ecuador,ECU,2003,73.632,132.01766968
"Egypt, Arab Rep.",EGY,2003,68.045,50.34780884
Euro area,EMU,2003,78.65541658,2475.44586708803
Eritrea,ERI,2003,59.455,19.81480217
Spain,ESP,2003,79.6195122,1640.91772461
Estonia,EST,2003,71.31707317,368.97955322
Ethiopia,ETH,2003,52.877,5.70984173
European Union,EUU,2003,77.59189952,2071.40211163513
Fragile and conflict affected situations,FCS,2003,56.49120669,30.0751329678825
Finland,FIN,2003,78.36829268,2613.84570313
Fiji,FJI,2003,65.653,86.09690094
France,FRA,2003,79.11463415,3006.3059082
"Micronesia, Fed. Sts.",FSM,2003,64.915,208.84524536
Gabon,GAB,2003,62.463,166.37802124
United Kingdom,GBR,2003,78.44634146,2789.35131836
Georgia,GEO,2003,71.377,80.6542511
Ghana,GHA,2003,59.014,18.89894867
Guinea,GIN,2003,53.589,25.60194969
"Gambia, The",GMB,2003,58.223,28.3001461
Guinea-Bissau,GNB,2003,52.186,14.83164978
Equatorial Guinea,GNQ,2003,54.791,81.2088623
Greece,GRC,2003,78.84146341,1566.40979004
Grenada,GRD,2003,73.291,286.90512085
Guatemala,GTM,2003,68.204,113.38285065
Guyana,GUY,2003,64.117,68.19880676
High income,HIC,2003,76.54270735,2708.69082280209
Honduras,HND,2003,68.874,79.65468597
Heavily indebted poor countries (HIPC),HPC,2003,54.60760047,18.6405558351897
Croatia,HRV,2003,74.61390244,512.15216064
Haiti,HTI,2003,59.44,18.60943604
Hungary,HUN,2003,72.3,682.86566162
IBRD only,IBD,2003,69.17275559,84.6170473538979
IDA & IBRD total,IBT,2003,66.58690212,70.2138168772993
IDA total,IDA,2003,57.84175558,20.5589794572267
IDA blend,IDB,2003,56.88042457,26.5830379193007
Indonesia,IDN,2003,67.134,25.51065636
IDA only,IDX,2003,58.32212139,17.5709662853547
India,IND,2003,64.086,21.89380074
Ireland,IRL,2003,78.13902439,2910.93212891
"Iran, Islamic Rep.",IRN,2003,70.464,115.51907349
Iraq,IRQ,2003,64.834,26.98399925
Iceland,ISL,2003,80.96341463,3839.6940918
Israel,ISR,2003,79.64878049,1384.18737793
Italy,ITA,2003,79.98292683,2163.02563477
Jamaica,JAM,2003,71.585,149.80267334
Jordan,JOR,2003,72.585,161.87841797
Japan,JPN,2003,81.76,2650.23852539
Kazakhstan,KAZ,2003,64.753,72.90396881
Kenya,KEN,2003,57.369,25.64012337
Kyrgyz Republic,KGZ,2003,68.25609756,21.68980598
Cambodia,KHM,2003,62.345,25.00942993
Kiribati,KIR,2003,65.287,102.43731689
St. Kitts and Nevis,KNA,2003,70.614,482.87136841
"Korea, Rep.",KOR,2003,77.21463415,685.28436279
Kuwait,KWT,2003,76.64456098,626.35095215
Latin America & Caribbean (excluding high income),LAC,2003,71.60451857,241.745896479914
Lao PDR,LAO,2003,59.643,17.59125519
Lebanon,LBN,2003,75.275,373.35971069
Liberia,LBR,2003,53.045,6.09226465
Libya,LBY,2003,70.996,189.72729492
St. Lucia,LCA,2003,72.188,317.27593994
Latin America & Caribbean,LCN,2003,71.87830846,247.270427505796
Least developed countries: UN classification,LDC,2003,57.17323029,14.3633153919919
Low income,LIC,2003,55.64224765,15.4310054649118
Sri Lanka,LKA,2003,72.442,40.82443619
Lower middle income,LMC,2003,62.98681023,26.2868925823804
Low & middle income,LMY,2003,66.50124006,63.649944696438
Lesotho,LSO,2003,44.921,32.02215576
Late-demographic dividend,LTE,2003,72.34204033,105.897289830742
Lithuania,LTU,2003,72.06097561,338.86306763
Luxembourg,LUX,2003,77.72682927,4607.40283203
Latvia,LVA,2003,71.26585366,280.50878906
Morocco,MAR,2003,67.958,77.74629211
Monaco,MCO,2003,83.613,4822.00146484
Moldova,MDA,2003,67.9,38.43836975
Madagascar,MDG,2003,59.693,17.64075851
Maldives,MDV,2003,73.263,240.54026794
Middle East & North Africa,MEA,2003,69.83135357,145.260711968706
Mexico,MEX,2003,73.308,411.83197021
Marshall Islands,MHL,2003,63.956,338.22610474
Middle income,MIC,2003,67.48592136,67.6140565040379
North Macedonia,MKD,2003,73.24146341,214.29603577
Mali,MLI,2003,52.632,18.7693882
Malta,MLT,2003,78.54634146,1074.09313965
Myanmar,MMR,2003,61.196,6.57480383
Middle East & North Africa (excluding high income),MNA,2003,69.12047105,80.9692041044121
Mongolia,MNG,2003,63.57536585,27.18718147
Mozambique,MOZ,2003,51.383,11.03660774
Mauritania,MRT,2003,62.805,29.51877594
Mauritius,MUS,2003,72.11707317,157.68417358
Malawi,MWI,2003,49.601,12.3155899
Malaysia,MYS,2003,73.727,142.21202087
North America,NAC,2003,77.30027968,5417.79823368656
Namibia,NAM,2003,51.918,257.13796997
Niger,NER,2003,51.545,12.63532829
Nigeria,NGA,2003,48.618,37.91439438
Nicaragua,NIC,2003,68.749,62.13036346
Netherlands,NLD,2003,78.49268293,3244.35644531
Norway,NOR,2003,79.3902439,4632.56835938
Nepal,NPL,2003,64.229,11.06888008
Nauru,NRU,2003,59.359,273.59832764
New Zealand,NZL,2003,79.14634146,1610.73034668
OECD members,OED,2003,77.42585666,2731.81317342947
Oman,OMN,2003,74.521,290.38589478
Other small states,OSS,2003,67.59477057,427.677279460159
Pakistan,PAK,2003,62.834,14.34851551
Panama,PAN,2003,74.567,303.45755005
Peru,PER,2003,71.278,97.352211
Philippines,PHL,2003,68.049,31.60413551
Palau,PLW,2003,65.446,638.3067627
Papua New Guinea,PNG,2003,61.741,21.9858036
Poland,POL,2003,74.59756098,339.33520508
Pre-demographic dividend,PRE,2003,53.29390358,24.421883895388
Portugal,PRT,2003,77.2195122,1443.37792969
Paraguay,PRY,2003,70.795,70.85758209
West Bank and Gaza,PSE,2003,70.967,111.62216187
Pacific island small states,PSS,2003,66.95992975,94.9725034187979
Post-demographic dividend,PST,2003,77.88717415,3171.76137285558
Qatar,QAT,2003,76.097,1115.45336914
Romania,ROU,2003,71.3097561,143.54553223
Russian Federation,RUS,2003,65.02756098,163.31135559
Rwanda,RWA,2003,53.529,17.25927353
South Asia,SAS,2003,63.97592809,19.979793632873
Saudi Arabia,SAU,2003,73.657,457.08770752
Sudan,SDN,2003,58.319,22.58514786
Senegal,SEN,2003,59.474,35.14493942
Singapore,SGP,2003,79.03902439,851.10961914
Solomon Islands,SLB,2003,67.479,53.52047729
Sierra Leone,SLE,2003,46.784,22.6285038
El Salvador,SLV,2003,68.792,171.59013367
San Marino,SMR,2003,81.33,2506.68334961
Serbia,SRB,2003,72.43658537,230.08865356
Sub-Saharan Africa (excluding high income),SSA,2003,52.82533476,42.220949310832
Sub-Saharan Africa,SSF,2003,52.82737581,42.2681555154509
Small states,SST,2003,67.73420695,367.263466695854
Sao Tome and Principe,STP,2003,62.158,71.20994568
Suriname,SUR,2003,65.778,166.88664246
Slovak Republic,SVK,2003,73.60487805,344.47335815
Slovenia,SVN,2003,76.85853659,1203.06359863
Sweden,SWE,2003,80.09512195,3110.19970703
Eswatini,SWZ,2003,44.632,131.40959167
Seychelles,SYC,2003,71.02926829,446.6859436
Syrian Arab Republic,SYR,2003,72.188,59.66984177
Chad,TCD,2003,48.609,18.0202446
East Asia & Pacific (IDA & IBRD countries),TEA,2003,71.83527337,50.3430997602121
Europe & Central Asia (IDA & IBRD countries),TEC,2003,68.69681663,161.902238209458
Togo,TGO,2003,55.299,14.70664024
Thailand,THA,2003,72.101,76.13368225
Tajikistan,TJK,2003,65.874,10.97546482
Turkmenistan,TKM,2003,65.854,199.93019104
Latin America & the Caribbean (IDA & IBRD countries),TLA,2003,71.71994078,247.166642009244
Timor-Leste,TLS,2003,60.13,15.18759537
Middle East & North Africa (IDA & IBRD countries),TMN,2003,69.10113508,80.6482209241723
Tonga,TON,2003,70.228,68.05188751
South Asia (IDA & IBRD),TSA,2003,63.97592809,19.979793632873
Sub-Saharan Africa (IDA & IBRD countries),TSS,2003,52.82737581,42.2681555154509
Trinidad and Tobago,TTO,2003,69.454,358.59500122
Tunisia,TUN,2003,73.304,148.93447876
Turkiye,TUR,2003,72.906,232.5562439
Tuvalu,TUV,2003,63.897,274.99337769
Tanzania,TZA,2003,55.929,20.39437675
Uganda,UGA,2003,52.414,14.23364067
Ukraine,UKR,2003,67.638,67.87039948
Upper middle income,UMC,2003,71.64549162,105.652865722347
Uruguay,URY,2003,75.086,383.55554199
United States,USA,2003,77.03658537,5732.24365234
Uzbekistan,UZB,2003,66.852,25.61911011
St. Vincent and the Grenadines,VCT,2003,70.43,178.1368866
Viet Nam,VNM,2003,73.236,24.88381386
Vanuatu,VUT,2003,68.933,54.93638229
World,WLD,2003,68.51480723,583.040558660829
Samoa,WSM,2003,71.441,81.95996094
"Yemen, Rep.",YEM,2003,64.407,31.60428619
South Africa,ZAF,2003,54.245,286.01998901
Zambia,ZMB,2003,49.616,26.75762367
Africa Eastern and Southern,AFE,2004,54.19292787,61.7805221691528
Afghanistan,AFG,2004,57.81,21.42300415
Africa Western and Central,AFW,2004,52.10608309,35.8720825613623
Angola,AGO,2004,51.123,50.23310852
Albania,ALB,2004,75.951,136.50724792
Andorra,AND,2004,82.815,2059.91821289
Arab World,ARB,2004,67.7331029,120.193699560534
United Arab Emirates,ARE,2004,80.272,821.74920654
Argentina,ARG,2004,74.871,309.04415894
Armenia,ARM,2004,73.02682927,71.65074158
Antigua and Barbuda,ATG,2004,75.329,597.74902344
Australia,AUS,2004,80.4902439,2744.08105469
Austria,AUT,2004,79.1804878,3594.65039063
Azerbaijan,AZE,2004,67.488,27.1906395
Burundi,BDI,2004,52.217,8.88248062
Belgium,BEL,2004,78.87804878,3312.74169922
Benin,BEN,2004,57.346,24.52665329
Burkina Faso,BFA,2004,52.6,17.02963448
Bangladesh,BGD,2004,64.912,10.78997898
Bulgaria,BGR,2004,72.56341463,233.11332703
Bahrain,BHR,2004,75.787,527.82989502
"Bahamas, The",BHS,2004,73.235,1078.31152344
Bosnia and Herzegovina,BIH,2004,76.489,222.27758789
Belarus,BLR,2004,68.95609756,140.99655151
Belize,BLZ,2004,70.152,176.25566101
Bolivia,BOL,2004,63.819,46.35359192
Brazil,BRA,2004,71.361,297.68243408
Barbados,BRB,2004,75.15,942.37701416
Brunei Darussalam,BRN,2004,74.603,630.73266602
Bhutan,BTN,2004,65.29,46.06135941
Botswana,BWA,2004,53.573,297.2512207
Central African Republic,CAF,2004,47.696,12.96809387
Canada,CAN,2004,79.99219512,2896.19335938
Central Europe and the Baltics,CEB,2004,73.73043493,446.985906031151
Switzerland,CHE,2004,81.08780488,5608.703125
Chile,CHL,2004,78.276,422.96481323
China,CHN,2004,73.727,64.28150177
Cote d'Ivoire,CIV,2004,51.939,47.04700851
Cameroon,CMR,2004,54.578,42.25278473
"Congo, Dem. Rep.",COD,2004,53.534,7.83304834
"Congo, Rep.",COG,2004,57.957,27.50056839
Colombia,COL,2004,72.76,159.61109924
Comoros,COM,2004,60.557,70.61806488
Cabo Verde,CPV,2004,70.499,93.43228912
Costa Rica,CRI,2004,78.512,293.77548218
Caribbean small states,CSS,2004,69.10616259,374.310086360529
Cuba,CUB,2004,77.326,232.22746277
Cyprus,CYP,2004,79.007,1286.97155762
Czechia,CZE,2004,75.72195122,746.32891846
Germany,DEU,2004,78.6804878,3459.82495117
Djibouti,DJI,2004,58.103,40.04951477
Dominica,DMA,2004,71.987,253.70576477
Denmark,DNK,2004,77.49268293,4194.87353516
Dominican Republic,DOM,2004,70.73,105.12216187
Algeria,DZA,2004,72.536,92.6876297
East Asia & Pacific (excluding high income),EAP,2004,71.85880092,56.6397055870388
Early-demographic dividend,EAR,2004,65.51323928,74.3714415739538
East Asia & Pacific,EAS,2004,72.8126606,279.727457467479
Europe & Central Asia (excluding high income),ECA,2004,69.79114865,156.938955100586
Europe & Central Asia,ECS,2004,73.98698486,1567.16833125204
Ecuador,ECU,2004,73.868,149.75236511
"Egypt, Arab Rep.",EGY,2004,68.211,50.33084488
Euro area,EMU,2004,79.23149615,2831.05786772133
Eritrea,ERI,2004,60.063,23.15624809
Spain,ESP,2004,79.87073171,1922.27380371
Estonia,EST,2004,71.9097561,474.50796509
Ethiopia,ETH,2004,53.735,5.7385993
European Union,EUU,2004,78.11695186,2374.11505488902
Fragile and conflict affected situations,FCS,2004,56.7992689,35.1654901523371
Finland,FIN,2004,78.71463415,3044.12109375
Fiji,FJI,2004,65.841,110.06819153
France,FRA,2004,80.16341463,3458.62744141
"Micronesia, Fed. Sts.",FSM,2004,64.898,257.89633179
Gabon,GAB,2004,62.694,181.99996948
United Kingdom,GBR,2004,78.74634146,3377.11694336
Georgia,GEO,2004,71.011,105.09565735
Ghana,GHA,2004,59.316,23.49901009
Guinea,GIN,2004,53.975,26.41420937
"Gambia, The",GMB,2004,58.749,32.15613174
Guinea-Bissau,GNB,2004,52.8,18.45145988
Equatorial Guinea,GNQ,2004,55.307,96.12361145
Greece,GRC,2004,79.03902439,1782.69592285
Grenada,GRD,2004,72.447,294.12390137
Guatemala,GTM,2004,68.245,122.16271973
Guyana,GUY,2004,64.214,74.69225311
High income,HIC,2004,76.98454009,2985.18025683377
Honduras,HND,2004,69.05,83.29620361
Heavily indebted poor countries (HIPC),HPC,2004,55.1512913,21.5102796762359
Croatia,HRV,2004,75.5202439,634.62036133
Haiti,HTI,2004,58.517,24.0406456
Hungary,HUN,2004,72.64878049,798.45361328
IBRD only,IBD,2004,69.39840013,98.3856948512348
IDA & IBRD total,IBT,2004,66.82383053,81.3239814611758
IDA total,IDA,2004,58.22714187,23.2471733854458
IDA blend,IDB,2004,57.2689156,29.6401444186266
Indonesia,IDN,2004,65.521,25.98270035
IDA only,IDX,2004,58.70694952,20.0671670003037
India,IND,2004,64.484,24.9240799
Ireland,IRL,2004,78.53902439,3483.16064453
"Iran, Islamic Rep.",IRN,2004,72.04,139.75932312
Iraq,IRQ,2004,64.634,51.81518173
Iceland,ISL,2004,80.99756098,4414.23339844
Israel,ISR,2004,80.14634146,1438.98999023
Italy,ITA,2004,80.7804878,2565.62744141
Jamaica,JAM,2004,71.542,182.9284668
Jordan,JOR,2004,72.788,175.04393005
Japan,JPN,2004,82.0302439,2884.67358398
Kazakhstan,KAZ,2004,65.04,108.43821716
Kenya,KEN,2004,57.947,27.65002823
Kyrgyz Republic,KGZ,2004,68.15365854,26.37302399
Cambodia,KHM,2004,63.256,28.81097794
Kiribati,KIR,2004,65.416,132.29045105
St. Kitts and Nevis,KNA,2004,70.92,491.62530518
"Korea, Rep.",KOR,2004,77.66585366,765.10858154
Kuwait,KWT,2004,76.72768293,649.42504883
Latin America & Caribbean (excluding high income),LAC,2004,71.91311683,273.996937567437
Lao PDR,LAO,2004,60.08,16.23278809
Lebanon,LBN,2004,75.693,368.01425171
Liberia,LBR,2004,55.949,18.00925446
Libya,LBY,2004,71.21,200.83604431
St. Lucia,LCA,2004,72.453,309.42208862
Latin America & Caribbean,LCN,2004,72.2038232,280.799425936295
Least developed countries: UN classification,LDC,2004,57.70993478,16.9092684409218
Low income,LIC,2004,56.1452521,17.9091988601459
Sri Lanka,LKA,2004,68.022,49.14835358
Lower middle income,LMC,2004,63.31325756,29.5512702201501
Low & middle income,LMY,2004,66.7266748,73.1016097945253
Lesotho,LSO,2004,44.039,41.18851089
Late-demographic dividend,LTE,2004,72.62230851,124.397789431236
Lithuania,LTU,2004,71.96097561,366.95968628
Luxembourg,LUX,2004,79.12195122,5610.35351563
Latvia,LVA,2004,72.02682927,393.29806519
Morocco,MAR,2004,68.272,91.17259979
Monaco,MCO,2004,84.151,5671.20849609
Moldova,MDA,2004,68.017,64.60713959
Madagascar,MDG,2004,60.168,14.29298973
Maldives,MDV,2004,73.008,304.5932312
Middle East & North Africa,MEA,2004,70.37091994,159.987382593638
Mexico,MEX,2004,73.432,446.13604736
Marshall Islands,MHL,2004,64.044,363.40332031
Middle income,MIC,2004,67.70079748,77.7117472298066
North Macedonia,MKD,2004,73.59756098,230.68000793
Mali,MLI,2004,53.253,21.72006226
Malta,MLT,2004,79.25365854,1223.85742188
Myanmar,MMR,2004,61.443,7.01517916
Middle East & North Africa (excluding high income),MNA,2004,69.66464104,93.1988956653682
Mongolia,MNG,2004,64.6302439,33.7024498
Mozambique,MOZ,2004,51.855,14.12452602
Mauritania,MRT,2004,63.369,31.47280884
Mauritius,MUS,2004,72.26585366,184.74328613
Malawi,MWI,2004,51.073,15.94395351
Malaysia,MYS,2004,74.027,153.86297607
North America,NAC,2004,77.73433754,5759.51678118708
Namibia,NAM,2004,52.175,347.41690063
Niger,NER,2004,52.402,14.1569891
Nigeria,NGA,2004,49.148,42.81798172
Nicaragua,NIC,2004,69.51,66.54763794
Netherlands,NLD,2004,79.09512195,3689.46435547
Norway,NOR,2004,79.84146341,5097.34423828
Nepal,NPL,2004,64.744,12.92468262
Nauru,NRU,2004,59.346,216.23666382
New Zealand,NZL,2004,79.54878049,1981.9720459
OECD members,OED,2004,77.82579962,3004.19287445314
Oman,OMN,2004,74.82,306.42941284
Other small states,OSS,2004,67.85498418,492.244104599062
Pakistan,PAK,2004,63.097,15.53542328
Panama,PAN,2004,74.845,344.4079895
Peru,PER,2004,71.447,105.16587067
Philippines,PHL,2004,68.301,33.50411606
Palau,PLW,2004,65.816,765.0546875
Papua New Guinea,PNG,2004,61.795,25.73586273
Poland,POL,2004,74.84634146,392.00338745
Pre-demographic dividend,PRE,2004,53.80001826,29.3717901187248
Portugal,PRT,2004,77.67073171,1723.74401855
Paraguay,PRY,2004,71.054,88.10053253
West Bank and Gaza,PSE,2004,71.094,150.72610474
Pacific island small states,PSS,2004,67.10381696,116.514084021142
Post-demographic dividend,PST,2004,78.30672985,3489.97220119536
Qatar,QAT,2004,76.484,1261.61999512
Romania,ROU,2004,71.56097561,190.7950592
Russian Federation,RUS,2004,65.47097561,207.61283875
Rwanda,RWA,2004,55.52,20.23413277
South Asia,SAS,2004,64.31781926,22.6634456288137
Saudi Arabia,SAU,2004,74.027,471.45797729
Sudan,SDN,2004,56.773,29.30379486
Senegal,SEN,2004,60.308,41.94406128
Singapore,SGP,2004,79.4902439,868.43688965
Solomon Islands,SLB,2004,67.628,64.72148895
Sierra Leone,SLE,2004,47.485,23.45412064
El Salvador,SLV,2004,69.295,185.83404541
San Marino,SMR,2004,81.592,2958.87963867
Serbia,SRB,2004,72.68292683,274.45532227
Sub-Saharan Africa (excluding high income),SSA,2004,53.34436135,50.7884710006482
Sub-Saharan Africa,SSF,2004,53.34646131,50.8406617699332
Small states,SST,2004,67.96761378,419.24629225135
Sao Tome and Principe,STP,2004,62.56,71.05591583
Suriname,SUR,2004,66.362,212.50817871
Slovak Republic,SVK,2004,73.95853659,511.52990723
Slovenia,SVN,2004,77.20731707,1368.64855957
Sweden,SWE,2004,80.49756098,3488.17285156
Eswatini,SWZ,2004,43.906,175.89544678
Seychelles,SYC,2004,72.66097561,511.96136475
Syrian Arab Republic,SYR,2004,72.494,59.96079254
Chad,TCD,2004,48.687,27.74994278
East Asia & Pacific (IDA & IBRD countries),TEA,2004,71.89212446,56.6481200802848
Europe & Central Asia (IDA & IBRD countries),TEC,2004,69.00290783,202.029760214378
Togo,TGO,2004,55.594,16.09196472
Thailand,THA,2004,72.1,82.91682434
Tajikistan,TJK,2004,66.604,14.6509676
Turkmenistan,TKM,2004,66.055,302.85839844
Latin America & the Caribbean (IDA & IBRD countries),TLA,2004,72.05855942,281.342491395057
Timor-Leste,TLS,2004,60.743,20.22569466
Middle East & North Africa (IDA & IBRD countries),TMN,2004,69.64959789,92.5934560336184
Tonga,TON,2004,70.433,102.70134735
South Asia (IDA & IBRD),TSA,2004,64.31781926,22.6634456288137
Sub-Saharan Africa (IDA & IBRD countries),TSS,2004,53.34646131,50.8406617699332
Trinidad and Tobago,TTO,2004,69.879,431.37268066
Tunisia,TUN,2004,73.519,167.27586365
Turkiye,TUR,2004,73.223,292.65307617
Tuvalu,TUV,2004,63.989,216.72221375
Tanzania,TZA,2004,56.836,23.4493866
Uganda,UGA,2004,53.699,18.60707474
Ukraine,UKR,2004,67.472,83.23918915
Upper middle income,UMC,2004,71.79713166,122.477765503352
Uruguay,URY,2004,75.319,375.93881226
United States,USA,2004,77.48780488,6071.84423828
Uzbekistan,UZB,2004,67.203,28.02430153
St. Vincent and the Grenadines,VCT,2004,70.445,188.43644714
Viet Nam,VNM,2004,73.062,31.97719193
Vanuatu,VUT,2004,68.985,62.80937958
World,WLD,2004,68.7699882,640.682848520855
Samoa,WSM,2004,71.508,104.42662811
"Yemen, Rep.",YEM,2004,64.881,34.62483978
South Africa,ZAF,2004,53.963,362.28662109
Zambia,ZMB,2004,50.54,30.09499931
Africa Eastern and Southern,AFE,2005,54.80768071,68.6159741148415
Afghanistan,AFG,2005,58.247,25.11388779
Africa Western and Central,AFW,2005,52.5557531,41.5461069005633
Angola,AGO,2005,52.13,54.66142273
Albania,ALB,2005,76.427,149.97515869
Andorra,AND,2005,83.086,2283.44287109
Arab World,ARB,2005,68.04050241,133.703594813421
United Arab Emirates,ARE,2005,80.779,898.36480713
Argentina,ARG,2005,75.231,389.34667969
Armenia,ARM,2005,73.07560976,95.55095673
Antigua and Barbuda,ATG,2005,75.364,641.3157959
Australia,AUS,2005,80.84146341,2995.87255859
Austria,AUT,2005,79.33170732,3710.39794922
Azerbaijan,AZE,2005,67.71,34.35204697
Burundi,BDI,2005,53.053,11.13118172
Belgium,BEL,2005,78.9804878,3405.30175781
Benin,BEN,2005,57.738,25.12485313
Burkina Faso,BFA,2005,53.271,17.43081665
Bangladesh,BGD,2005,65.509,11.31403732
Bulgaria,BGR,2005,72.56097561,267.74139404
Bahrain,BHR,2005,76.125,557.9574585
"Bahamas, The",BHS,2005,73.413,1153.21594238
Bosnia and Herzegovina,BIH,2005,76.424,241.64047241
Belarus,BLR,2005,68.85121951,196.13806152
Belize,BLZ,2005,70.335,181.23458862
Bolivia,BOL,2005,64.182,51.76200867
Brazil,BRA,2005,71.832,387.93121338
Barbados,BRB,2005,74.96,963.07849121
Brunei Darussalam,BRN,2005,74.683,657.31945801
Bhutan,BTN,2005,65.875,46.79434204
Botswana,BWA,2005,54.386,281.38796997
Central African Republic,CAF,2005,48.207,13.93517494
Canada,CAN,2005,80.11268293,3268.46850586
Central Europe and the Baltics,CEB,2005,73.84499514,522.822377838485
Switzerland,CHE,2005,81.23658537,5673.93994141
Chile,CHL,2005,78.459,495.56002808
China,CHN,2005,74.085,73.00266266
Cote d'Ivoire,CIV,2005,52.432,46.69436264
Cameroon,CMR,2005,54.904,43.10830688
"Congo, Dem. Rep.",COD,2005,54.001,8.55065727
"Congo, Rep.",COG,2005,58.73,30.90304375
Colombia,COL,2005,73.156,209.68319702
Comoros,COM,2005,60.883,67.79858398
Cabo Verde,CPV,2005,70.936,96.08917999
Costa Rica,CRI,2005,78.877,313.48355103
Caribbean small states,CSS,2005,69.37223446,400.99518930332
Cuba,CUB,2005,77.54,331.50354004
Cyprus,CYP,2005,79.198,1366.01708984
Czechia,CZE,2005,75.92439024,852.65246582
Germany,DEU,2005,78.93170732,3558.21337891
Djibouti,DJI,2005,58.548,45.12551498
Dominica,DMA,2005,72.016,263.66098022
Denmark,DNK,2005,77.84390244,4442.75488281
Dominican Republic,DOM,2005,71.043,168.85827637
Algeria,DZA,2005,72.836,100.83694458
East Asia & Pacific (excluding high income),EAP,2005,72.39832664,65.0217974072707
Early-demographic dividend,EAR,2005,65.97978641,84.8992532245501
East Asia & Pacific,EAS,2005,73.29843455,293.882202801765
Europe & Central Asia (excluding high income),ECA,2005,69.95951477,193.191161319766
Europe & Central Asia,ECS,2005,74.15221166,1659.79605289164
Ecuador,ECU,2005,73.909,167.79144287
"Egypt, Arab Rep.",EGY,2005,68.355,59.4683876
Euro area,EMU,2005,79.37401869,2948.72176709218
Eritrea,ERI,2005,60.628,21.92651939
Spain,ESP,2005,80.17073171,2062.40625
Estonia,EST,2005,72.56829268,549.63024902
Ethiopia,ETH,2005,54.364,6.4820013
European Union,EUU,2005,78.27400573,2486.47453356607
Fragile and conflict affected situations,FCS,2005,57.1894342,40.8970219513514
Finland,FIN,2005,78.81707317,3236.85839844
Fiji,FJI,2005,65.983,120.21074677
France,FRA,2005,80.16341463,3575.02514648
"Micronesia, Fed. Sts.",FSM,2005,64.906,397.91644287
Gabon,GAB,2005,62.978,189.56433105
United Kingdom,GBR,2005,79.04878049,3547.28979492
Georgia,GEO,2005,70.689,132.22496033
Ghana,GHA,2005,59.638,38.4290123
Guinea,GIN,2005,54.422,19.66388702
"Gambia, The",GMB,2005,59.11,33.2039566
Guinea-Bissau,GNB,2005,52.949,21.07736206
Equatorial Guinea,GNQ,2005,55.766,112.03458405
Greece,GRC,2005,79.23902439,1935.26757813
Grenada,GRD,2005,73.7,326.09225464
Guatemala,GTM,2005,68.167,132.41906738
Guyana,GUY,2005,64.392,85.35713959
High income,HIC,2005,77.10329944,3156.36912674428
Honduras,HND,2005,69.198,97.86359406
Heavily indebted poor countries (HIPC),HPC,2005,55.77738097,24.7699875462296
Croatia,HRV,2005,75.24463415,727.13104248
Haiti,HTI,2005,60.318,25.25854683
Hungary,HUN,2005,72.64878049,895.20330811
IBRD only,IBD,2005,69.82651653,116.121721325165
IDA & IBRD total,IBT,2005,67.22473223,95.6914555702888
IDA total,IDA,2005,58.64827547,27.036197139678
IDA blend,IDB,2005,57.21353605,35.5266711571607
Indonesia,IDN,2005,67.531,34.09753036
IDA only,IDX,2005,59.368,22.8017844344971
India,IND,2005,64.939,27.49770737
Ireland,IRL,2005,78.94390244,3938.19116211
"Iran, Islamic Rep.",IRN,2005,72.446,169.8145752
Iraq,IRQ,2005,64.899,53.0551796
Iceland,ISL,2005,81.50243902,5079.68945313
Israel,ISR,2005,80.15121951,1509.10583496
Italy,ITA,2005,80.78292683,2677.55224609
Jamaica,JAM,2005,71.493,190.21676636
Jordan,JOR,2005,72.977,185.0302124
Japan,JPN,2005,81.95512195,2892.60473633
Kazakhstan,KAZ,2005,65.356,139.57885742
Kenya,KEN,2005,58.51,30.9943428
Kyrgyz Republic,KGZ,2005,67.95609756,34.93693161
Cambodia,KHM,2005,64.113,32.33904266
Kiribati,KIR,2005,65.517,131.88641357
St. Kitts and Nevis,KNA,2005,71.151,556.97229004
"Korea, Rep.",KOR,2005,78.16829268,945.30609131
Kuwait,KWT,2005,76.80078049,727.25366211
Latin America & Caribbean (excluding high income),LAC,2005,72.28623186,332.421238755891
Lao PDR,LAO,2005,60.688,17.33082581
Lebanon,LBN,2005,76.074,347.40252686
Liberia,LBR,2005,56.765,20.4276638
Libya,LBY,2005,71.439,209.878479
St. Lucia,LCA,2005,72.544,333.37374878
Latin America & Caribbean,LCN,2005,72.56381438,339.218606039524
Least developed countries: UN classification,LDC,2005,58.30855034,19.1137978596917
Low income,LIC,2005,56.69958615,20.6458267147751
Sri Lanka,LKA,2005,73.073,55.40001297
Lower middle income,LMC,2005,63.68599809,33.5320616796009
Low & middle income,LMY,2005,67.13943087,85.4995894064188
Lesotho,LSO,2005,43.611,41.66717911
Late-demographic dividend,LTE,2005,73.00721416,149.18008562562
Lithuania,LTU,2005,71.25365854,438.93267822
Luxembourg,LUX,2005,79.43170732,5818.14599609
Latvia,LVA,2005,71.35609756,440.8097229
Morocco,MAR,2005,68.748,97.19748688
Monaco,MCO,2005,84.34,5876.08105469
Moldova,MDA,2005,68.197,79.33213043
Madagascar,MDG,2005,60.664,15.9498682
Maldives,MDV,2005,74.785,335.13778687
Middle East & North Africa,MEA,2005,70.68357986,178.55128093317
Mexico,MEX,2005,73.627,483.97970581
Marshall Islands,MHL,2005,64.112,490.59927368
Middle income,MIC,2005,68.11565037,91.0067499322453
North Macedonia,MKD,2005,73.69756098,229.81243896
Mali,MLI,2005,53.792,23.9734993
Malta,MLT,2005,79.3,1379.68640137
Myanmar,MMR,2005,61.72,7.65254498
Middle East & North Africa (excluding high income),MNA,2005,69.96822627,104.384975147133
Mongolia,MNG,2005,65.28073171,38.04277039
Mozambique,MOZ,2005,52.322,18.40718079
Mauritania,MRT,2005,63.92,34.00539017
Mauritius,MUS,2005,72.43219512,192.13858032
Malawi,MWI,2005,52.469,17.2403183
Malaysia,MYS,2005,74.37,162.17677307
North America,NAC,2005,77.74623829,6117.72962294646
Namibia,NAM,2005,52.557,374.68215942
Niger,NER,2005,53.32,18.03248978
Nigeria,NGA,2005,49.538,52.24337006
Nicaragua,NIC,2005,70.374,73.65701294
Netherlands,NLD,2005,79.34634146,3823.48095703
Norway,NOR,2005,80.04146341,5584.68896484
Nepal,NPL,2005,65.275,14.14693356
Nauru,NRU,2005,59.361,328.92779541
New Zealand,NZL,2005,79.85121951,2295.37182617
OECD members,OED,2005,77.95353959,3168.36147437305
Oman,OMN,2005,75.07,326.909729
Other small states,OSS,2005,68.22730729,544.721657953528
Pakistan,PAK,2005,62.416,19.58962631
Panama,PAN,2005,75.16,323.0513916
Peru,PER,2005,71.988,123.25354004
Philippines,PHL,2005,68.423,45.67607498
Palau,PLW,2005,66.219,810.10369873
Papua New Guinea,PNG,2005,61.868,27.49723434
Poland,POL,2005,74.99512195,465.70019531
Pre-demographic dividend,PRE,2005,54.36598438,33.7340183946354
Portugal,PRT,2005,78.07073171,1814.35449219
Paraguay,PRY,2005,71.317,95.1805954
West Bank and Gaza,PSE,2005,72.004,158.43028259
Pacific island small states,PSS,2005,67.23327941,138.538033964636
Post-demographic dividend,PST,2005,78.41043747,3679.95631801563
Qatar,QAT,2005,76.909,1386.015625
Romania,ROU,2005,71.91219512,254.52961731
Russian Federation,RUS,2005,65.5297561,270.1439209
Rwanda,RWA,2005,56.968,25.02086639
South Asia,SAS,2005,64.71493061,25.2556887447021
Saudi Arabia,SAU,2005,74.4,545.73571777
Sudan,SDN,2005,57.226,37.07450485
Senegal,SEN,2005,60.98,36.00606155
Singapore,SGP,2005,79.9902439,908.3760376
Solomon Islands,SLB,2005,67.79,89.02578735
Sierra Leone,SLE,2005,48.306,27.1346283
El Salvador,SLV,2005,69.336,225.17417908
San Marino,SMR,2005,81.926,3055.63232422
Serbia,SRB,2005,72.83414634,307.54705811
Sub-Saharan Africa (excluding high income),SSA,2005,53.89133127,57.1200960935918
Sub-Saharan Africa,SSF,2005,53.89326974,57.1732358975286
Small states,SST,2005,68.28850746,463.252196375378
Sao Tome and Principe,STP,2005,62.434,80.13071442
Suriname,SUR,2005,66.997,241.68415833
Slovak Republic,SVK,2005,73.90487805,601.31323242
Slovenia,SVN,2005,77.61219512,1449.18920898
Sweden,SWE,2005,80.54634146,3547.63330078
Eswatini,SWZ,2005,43.958,217.26066589
Seychelles,SYC,2005,72.13170732,537.44683838
Syrian Arab Republic,SYR,2005,72.797,62.02973557
Chad,TCD,2005,48.86,31.27608871
East Asia & Pacific (IDA & IBRD countries),TEA,2005,72.44023409,65.0310899593706
Europe & Central Asia (IDA & IBRD countries),TEC,2005,69.1399719,251.976699807754
Togo,TGO,2005,55.916,16.95772171
Thailand,THA,2005,72.894,90.61147308
Tajikistan,TJK,2005,66.531,17.38472557
Turkmenistan,TKM,2005,66.275,324.81155396
Latin America & the Caribbean (IDA & IBRD countries),TLA,2005,72.42759172,338.841876288116
Timor-Leste,TLS,2005,61.272,25.72540092
Middle East & North Africa (IDA & IBRD countries),TMN,2005,69.94670325,103.81358644466
Tonga,TON,2005,70.56,108.29302216
South Asia (IDA & IBRD),TSA,2005,64.71493061,25.2556887447021
Sub-Saharan Africa (IDA & IBRD countries),TSS,2005,53.89326974,57.1732358975286
Trinidad and Tobago,TTO,2005,70.185,530.35229492
Tunisia,TUN,2005,73.712,169.84550476
Turkiye,TUR,2005,73.51,357.40197754
Tuvalu,TUV,2005,64.096,231.17539978
Tanzania,TZA,2005,57.675,27.71374512
Uganda,UGA,2005,54.926,25.86819267
Ukraine,UKR,2005,67.517,114.63265228
Upper middle income,UMC,2005,72.29007463,144.933295931648
Uruguay,URY,2005,75.829,445.28201294
United States,USA,2005,77.48780488,6428.60205078
Uzbekistan,UZB,2005,67.481,32.51261139
St. Vincent and the Grenadines,VCT,2005,70.454,197.63206482
Viet Nam,VNM,2005,73.198,38.96974945
Vanuatu,VUT,2005,69.166,61.94078064
World,WLD,2005,69.11022577,679.664343183969
Samoa,WSM,2005,71.487,121.24176788
"Yemen, Rep.",YEM,2005,65.356,38.27000809
South Africa,ZAF,2005,53.914,400.5355835
Zambia,ZMB,2005,51.615,44.99598694
Africa Eastern and Southern,AFE,2006,55.69351526,75.0646905405438
Afghanistan,AFG,2006,58.553,28.9412632
Africa Western and Central,AFW,2006,52.97870971,48.372210711743
Angola,AGO,2006,52.965,70.28185272
Albania,ALB,2006,76.994,164.22090149
Andorra,AND,2006,83.374,2156.34423828
Arab World,ARB,2006,68.49126524,153.236358503384
United Arab Emirates,ARE,2006,81.155,1031.14904785
Argentina,ARG,2006,75.279,451.97616577
Armenia,ARM,2006,72.82439024,124.8989563
Antigua and Barbuda,ATG,2006,75.506,665.11560059
Australia,AUS,2006,81.04146341,3174.86865234
Austria,AUT,2006,79.8804878,3882.98193359
Azerbaijan,AZE,2006,68.489,49.87102127
Burundi,BDI,2006,53.962,14.10514736
Belgium,BEL,2006,79.3804878,3545.24243164
Benin,BEN,2006,57.966,26.60264206
Burkina Faso,BFA,2006,53.784,20.56399536
Bangladesh,BGD,2006,66.048,12.05988026
Bulgaria,BGR,2006,72.61219512,294.10891724
Bahrain,BHR,2006,76.51,578.29705811
"Bahamas, The",BHS,2006,73.456,1257.64587402
Bosnia and Herzegovina,BIH,2006,76.028,281.26403809
Belarus,BLR,2006,69.40487805,221.70170593
Belize,BLZ,2006,70.535,196.11968994
Bolivia,BOL,2006,64.529,56.05701447
Brazil,BRA,2006,72.296,489.53884888
Barbados,BRB,2006,75.049,1028.39282227
Brunei Darussalam,BRN,2006,74.753,664.74499512
Bhutan,BTN,2006,66.499,54.21236038
Botswana,BWA,2006,55.112,258.01873779
Central African Republic,CAF,2006,48.687,15.15495491
Canada,CAN,2006,80.54365854,3755.60449219
Central Europe and the Baltics,CEB,2006,74.09260273,580.363220914984
Switzerland,CHE,2006,81.4902439,5671.98144531
Chile,CHL,2006,78.533,565.8493042
China,CHN,2006,74.404,82.48256683
Cote d'Ivoire,CIV,2006,52.885,47.08904266
Cameroon,CMR,2006,55.301,44.52022934
"Congo, Dem. Rep.",COD,2006,54.498,10.37645721
"Congo, Rep.",COG,2006,59.474,35.94208145
Colombia,COL,2006,73.497,240.10488892
Comoros,COM,2006,61.229,65.72916412
Cabo Verde,CPV,2006,71.341,113.13097382
Costa Rica,CRI,2006,79.049,364.52426147
Caribbean small states,CSS,2006,69.69935293,446.908937918843
Cuba,CUB,2006,77.406,386.8258667
Cyprus,CYP,2006,79.456,1474.02062988
Czechia,CZE,2006,76.52439024,942.11804199
Germany,DEU,2006,79.13170732,3698.04370117
Djibouti,DJI,2006,58.962,53.26344299
Dominica,DMA,2006,72.007,271.24331665
Denmark,DNK,2006,78.09512195,4778.89208984
Dominican Republic,DOM,2006,71.054,161.94844055
Algeria,DZA,2006,73.116,116.7750473
East Asia & Pacific (excluding high income),EAP,2006,72.65187044,74.621806259886
Early-demographic dividend,EAR,2006,66.39193001,93.694564334441
East Asia & Pacific,EAS,2006,73.564044,299.890232707894
Europe & Central Asia (excluding high income),ECA,2006,70.21786594,226.209177830607
Europe & Central Asia,ECS,2006,74.63788734,1778.16363451851
Ecuador,ECU,2006,74.01,189.59565735
"Egypt, Arab Rep.",EGY,2006,68.493,66.32707214
Euro area,EMU,2006,79.80659531,3116.62568558188
Eritrea,ERI,2006,61.457,23.77408791
Spain,ESP,2006,80.82195122,2242.15869141
Estonia,EST,2006,72.69146341,627.18377686
Ethiopia,ETH,2006,55.402,8.42413712
European Union,EUU,2006,78.67059959,2636.19962720898
Fragile and conflict affected situations,FCS,2006,57.63470375,48.436165233227
Finland,FIN,2006,79.21463415,3414.94140625
Fiji,FJI,2006,66.126,126.38617706
France,FRA,2006,80.81219512,3811.55175781
"Micronesia, Fed. Sts.",FSM,2006,64.859,403.95806885
Gabon,GAB,2006,63.259,211.75302124
United Kingdom,GBR,2006,79.24878049,3817.99072266
Georgia,GEO,2006,70.983,152.0617218
Ghana,GHA,2006,59.975,49.24240494
Guinea,GIN,2006,54.875,16.15967941
"Gambia, The",GMB,2006,59.667,33.41355896
Guinea-Bissau,GNB,2006,54.089,22.78861237
Equatorial Guinea,GNQ,2006,56.354,131.67703247
Greece,GRC,2006,79.43902439,2052.87548828
Grenada,GRD,2006,73.93,324.32067871
Guatemala,GTM,2006,68.79,149.04266357
Guyana,GUY,2006,64.848,98.34314728
High income,HIC,2006,77.53654464,3337.72310990898
Honduras,HND,2006,69.364,112.11707306
Heavily indebted poor countries (HIPC),HPC,2006,56.57382269,28.9948761483282
Croatia,HRV,2006,75.83682927,816.01702881
Haiti,HTI,2006,60.74,29.11877251
Hungary,HUN,2006,73.09756098,893.20300293
IBRD only,IBD,2006,70.15012368,133.979621540771
IDA & IBRD total,IBT,2006,67.60148657,110.321819757059
IDA total,IDA,2006,59.31209637,31.8772652145608
IDA blend,IDB,2006,57.92764903,43.0768281560437
Indonesia,IDN,2006,67.664,44.3965683
IDA only,IDX,2006,60.00760313,26.2799462425713
India,IND,2006,65.373,29.37600899
Ireland,IRL,2006,79.24146341,4147.1328125
"Iran, Islamic Rep.",IRN,2006,72.895,192.07597351
Iraq,IRQ,2006,64.029,56.76464462
Iceland,ISL,2006,81.15853659,4918.23339844
Israel,ISR,2006,80.55365854,1555.56396484
Italy,ITA,2006,81.28292683,2832.69775391
Jamaica,JAM,2006,71.395,185.86221313
Jordan,JOR,2006,73.225,188.72041321
Japan,JPN,2006,82.32195122,2763.53344727
Kazakhstan,KAZ,2006,65.722,170.9365387
Kenya,KEN,2006,59.059,40.3040123
Kyrgyz Republic,KGZ,2006,67.69512195,44.5950737
Cambodia,KHM,2006,64.886,32.844944
Kiribati,KIR,2006,65.601,126.86061859
St. Kitts and Nevis,KNA,2006,71.356,689.44549561
"Korea, Rep.",KOR,2006,78.66829268,1131.65930176
Kuwait,KWT,2006,76.88768293,782.20379639
Latin America & Caribbean (excluding high income),LAC,2006,72.57978666,388.084574150391
Lao PDR,LAO,2006,61.074,19.22654533
Lebanon,LBN,2006,75.677,401.43670654
Liberia,LBR,2006,57.495,19.2805481
Libya,LBY,2006,71.632,231.11968994
St. Lucia,LCA,2006,72.794,389.94595337
Latin America & Caribbean,LCN,2006,72.83322667,395.200428185911
Least developed countries: UN classification,LDC,2006,59.01522079,22.504765418107
Low income,LIC,2006,57.49859888,24.3769208498422
Sri Lanka,LKA,2006,72.825,63.2890892
Lower middle income,LMC,2006,64.11541827,37.6952328624026
Low & middle income,LMY,2006,67.49714258,97.8570778308345
Lesotho,LSO,2006,43.182,49.67809296
Late-demographic dividend,LTE,2006,73.38173634,176.565871828603
Lithuania,LTU,2006,71.05609756,536.05737305
Luxembourg,LUX,2006,79.28780488,6070.73583984
Latvia,LVA,2006,70.86585366,552.30163574
Morocco,MAR,2006,69.157,110.22368622
Monaco,MCO,2006,84.194,6140.17773438
Moldova,MDA,2006,68.423,100.10816193
Madagascar,MDG,2006,61.14,16.44085503
Maldives,MDV,2006,75.256,403.94284058
Middle East & North Africa,MEA,2006,70.90615783,199.341639783349
Mexico,MEX,2006,73.746,514.29864502
Marshall Islands,MHL,2006,64.207,613.29852295
Middle income,MIC,2006,68.44799438,104.20947137477
North Macedonia,MKD,2006,73.89512195,242.60142517
Mali,MLI,2006,54.305,26.93185234
Malta,MLT,2006,79.43902439,1474.48449707
Myanmar,MMR,2006,62.026,8.47415161
Middle East & North Africa (excluding high income),MNA,2006,70.15768385,116.505191349601
Mongolia,MNG,2006,65.90219512,49.52784348
Mozambique,MOZ,2006,52.748,18.05057144
Mauritania,MRT,2006,64.493,35.14922333
Mauritius,MUS,2006,72.43219512,203.24180603
Malawi,MWI,2006,53.652,20.95054436
Malaysia,MYS,2006,74.697,200.54800415
North America,NAC,2006,77.96904029,6502.611434909
Namibia,NAM,2006,53.183,409.22375488
Niger,NER,2006,54.223,19.30820656
Nigeria,NGA,2006,49.876,63.63072205
Nicaragua,NIC,2006,70.958,79.3536377
Netherlands,NLD,2006,79.69756098,4080.21972656
Norway,NOR,2006,80.34390244,5892.98730469
Nepal,NPL,2006,65.891,13.68047714
Nauru,NRU,2006,59.409,363.46365356
New Zealand,NZL,2006,80.04878049,2304.06518555
OECD members,OED,2006,78.24951711,3339.26508135069
Oman,OMN,2006,75.354,341.97601318
Other small states,OSS,2006,68.55204281,574.1022890716
Pakistan,PAK,2006,63.624,24.43647003
Panama,PAN,2006,75.429,370.62973022
Peru,PER,2006,72.337,136.14295959
Philippines,PHL,2006,68.172,53.87452698
Palau,PLW,2006,66.633,852.00756836
Papua New Guinea,PNG,2006,62.018,30.03865242
Poland,POL,2006,75.14390244,524.09747314
Pre-demographic dividend,PRE,2006,54.97192473,40.1847061148748
Portugal,PRT,2006,78.4195122,1857.64526367
Paraguay,PRY,2006,71.584,122.45078278
West Bank and Gaza,PSE,2006,71.831,154.09745789
Pacific island small states,PSS,2006,67.35770491,147.509581698034
Post-demographic dividend,PST,2006,78.72852901,3881.20328185028
Qatar,QAT,2006,77.323,1378.9296875
Romania,ROU,2006,72.16341463,291.00408936
Russian Federation,RUS,2006,66.72756098,350.84014893
Rwanda,RWA,2006,58.342,27.15680885
South Asia,SAS,2006,65.23336382,27.4512326835418
Saudi Arabia,SAU,2006,74.762,634.81872559
Sudan,SDN,2006,60.4,55.32654953
Senegal,SEN,2006,61.801,38.28113556
Singapore,SGP,2006,80.14146341,989.73895264
Solomon Islands,SLB,2006,67.968,87.74922943
Sierra Leone,SLE,2006,49.547,30.24594879
El Salvador,SLV,2006,69.612,231.73410034
San Marino,SMR,2006,82.258,3242.24291992
Serbia,SRB,2006,73.38536585,371.506073
Sub-Saharan Africa (excluding high income),SSA,2006,54.58826454,63.713828905861
Sub-Saharan Africa,SSF,2006,54.59012583,63.7707149041879
Small states,SST,2006,68.58610449,493.113535138141
Sao Tome and Principe,STP,2006,63.041,57.2040329
Suriname,SUR,2006,67.643,313.68301392
Slovak Republic,SVK,2006,74.20487805,729.01324463
Slovenia,SVN,2006,78.08658537,1541.66430664
Sweden,SWE,2006,80.74878049,3765.39697266
Eswatini,SWZ,2006,44.563,237.50752258
Seychelles,SYC,2006,72.21707317,581.25598145
Syrian Arab Republic,SYR,2006,73.04,63.69380569
Chad,TCD,2006,48.747,33.8651123
East Asia & Pacific (IDA & IBRD countries),TEA,2006,72.69834473,74.6314011203398
Europe & Central Asia (IDA & IBRD countries),TEC,2006,69.69874799,303.274092244658
Togo,TGO,2006,56.142,17.75014305
Thailand,THA,2006,73.341,103.26116943
Tajikistan,TJK,2006,66.997,20.04485893
Turkmenistan,TKM,2006,66.574,349.6842041
Latin America & the Caribbean (IDA & IBRD countries),TLA,2006,72.70294893,394.80318757823
Timor-Leste,TLS,2006,61.881,27.90169907
Middle East & North Africa (IDA & IBRD countries),TMN,2006,70.13990759,116.105834810512
Tonga,TON,2006,70.71,149.22753906
South Asia (IDA & IBRD),TSA,2006,65.23336382,27.4512326835418
Sub-Saharan Africa (IDA & IBRD countries),TSS,2006,54.59012583,63.7707149041879
Trinidad and Tobago,TTO,2006,70.437,568.72583008
Tunisia,TUN,2006,73.888,178.82592773
Turkiye,TUR,2006,73.804,409.25881958
Tuvalu,TUV,2006,64.247,285.24816895
Tanzania,TZA,2006,58.512,35.59762955
Uganda,UGA,2006,56.118,31.60310555
Ukraine,UKR,2006,67.49,146.27377319
Upper middle income,UMC,2006,72.56992385,167.214715218786
Uruguay,URY,2006,75.888,500.65515137
United States,USA,2006,77.68780488,6802.47509766
Uzbekistan,UZB,2006,67.905,37.97257233
St. Vincent and the Grenadines,VCT,2006,70.434,209.83639526
Viet Nam,VNM,2006,73.293,46.86905289
Vanuatu,VUT,2006,69.126,67.59348297
World,WLD,2006,69.4676626,720.520463354776
Samoa,WSM,2006,71.62,133.41867065
"Yemen, Rep.",YEM,2006,65.8,44.81512451
South Africa,ZAF,2006,54.22,417.91174316
Zambia,ZMB,2006,52.693,58.68175507
Africa Eastern and Southern,AFE,2007,56.48435318,84.0911878928683
Afghanistan,AFG,2007,58.956,32.70893097
Africa Western and Central,AFW,2007,53.48243141,52.6252913194652
Angola,AGO,2007,54.2,93.42698669
Albania,ALB,2007,77.691,209.31910706
Andorra,AND,2007,83.632,2376.66162109
Arab World,ARB,2007,68.87922644,179.218205872263
United Arab Emirates,ARE,2007,81.438,1176.49328613
Argentina,ARG,2007,74.783,567.28747559
Armenia,ARM,2007,72.87317073,170.15332031
Antigua and Barbuda,ATG,2007,75.72,714.27496338
Australia,AUS,2007,81.29268293,3792.80981445
Austria,AUT,2007,80.1804878,4478.76855469
Azerbaijan,AZE,2007,68.659,74.65649414
Burundi,BDI,2007,54.832,15.26294613
Belgium,BEL,2007,79.78292683,4064.07568359
Benin,BEN,2007,58.249,26.79680061
Burkina Faso,BFA,2007,54.377,26.93720627
Bangladesh,BGD,2007,66.458,14.03898716
Bulgaria,BGR,2007,72.66341463,361.23498535
Bahrain,BHR,2007,76.952,677.16290283
"Bahamas, The",BHS,2007,73.463,1351.08203125
Bosnia and Herzegovina,BIH,2007,76.162,363.86224365
Belarus,BLR,2007,70.20731707,278.63424683
Belize,BLZ,2007,70.652,233.6493988
Bolivia,BOL,2007,64.939,63.62155914
Brazil,BRA,2007,72.73,607.73022461
Barbados,BRB,2007,75.263,1043.49401855
Brunei Darussalam,BRN,2007,74.793,710.42297363
Bhutan,BTN,2007,67.152,64.72015381
Botswana,BWA,2007,56.735,305.22042847
Central African Republic,CAF,2007,49.327,18.24629021
Canada,CAN,2007,80.54365854,4185.21777344
Central Europe and the Baltics,CEB,2007,74.25064872,729.721673757065
Switzerland,CHE,2007,81.74146341,6154.703125
Chile,CHL,2007,78.652,643.05963135
China,CHN,2007,74.789,98.5569458
Cote d'Ivoire,CIV,2007,53.452,56.15083694
Cameroon,CMR,2007,55.71,50.30911255
"Congo, Dem. Rep.",COD,2007,54.954,11.5629034
"Congo, Rep.",COG,2007,60.05,41.96711731
Colombia,COL,2007,73.751,309.61691284
Comoros,COM,2007,61.475,69.87202454
Cabo Verde,CPV,2007,71.487,127.73626709
Costa Rica,CRI,2007,79.098,429.41894531
Caribbean small states,CSS,2007,70.05913778,479.81034359968
Cuba,CUB,2007,77.55,569.43585205
Cyprus,CYP,2007,79.798,1694.27185059
Czechia,CZE,2007,76.72439024,1110.17663574
Germany,DEU,2007,79.53414634,4182.91601563
Djibouti,DJI,2007,59.362,55.18254471
Dominica,DMA,2007,71.901,293.30905151
Denmark,DNK,2007,78.19512195,5468.37939453
Dominican Republic,DOM,2007,71.097,190.14048767
Algeria,DZA,2007,73.346,150.86651611
East Asia & Pacific (excluding high income),EAP,2007,72.99375366,89.2545375295361
Early-demographic dividend,EAR,2007,66.76054674,108.192739057052
East Asia & Pacific,EAS,2007,73.89485135,323.507883625578
Europe & Central Asia (excluding high income),ECA,2007,70.5579787,276.62123532482
Europe & Central Asia,ECS,2007,75.00638389,2049.77401918102
Ecuador,ECU,2007,74.226,193.33273315
"Egypt, Arab Rep.",EGY,2007,68.627,73.29454041
Euro area,EMU,2007,80.04647062,3536.504225857
Eritrea,ERI,2007,61.998,19.62666321
Spain,ESP,2007,80.87317073,2606.27783203
Estonia,EST,2007,72.81463415,866.49945068
Ethiopia,ETH,2007,56.566,11.63210678
European Union,EUU,2007,78.90421199,3008.32646712184
Fragile and conflict affected situations,FCS,2007,58.14957655,57.151382804534
Finland,FIN,2007,79.26341463,3918.64453125
Fiji,FJI,2007,66.161,140.30192566
France,FRA,2007,81.11219512,4312.31054688
"Micronesia, Fed. Sts.",FSM,2007,64.844,409.62240601
Gabon,GAB,2007,63.619,253.09243774
United Kingdom,GBR,2007,79.44878049,4431.63769531
Georgia,GEO,2007,70.985,195.9908905
Ghana,GHA,2007,60.282,57.21900177
Guinea,GIN,2007,55.233,22.64143372
"Gambia, The",GMB,2007,60.001,35.91078568
Guinea-Bissau,GNB,2007,54.87,26.15806961
Equatorial Guinea,GNQ,2007,56.857,164.4467926
Greece,GRC,2007,79.43902439,2426.75952148
Grenada,GRD,2007,74.159,359.53503418
Guatemala,GTM,2007,69.299,158.89395142
Guyana,GUY,2007,65.462,125.79258728
High income,HIC,2007,77.85811716,3635.75425264653
Honduras,HND,2007,69.539,127.55919647
Heavily indebted poor countries (HIPC),HPC,2007,57.2459304,33.7666667949508
Croatia,HRV,2007,75.70560976,1041.03442383
Haiti,HTI,2007,61.09,37.59618378
Hungary,HUN,2007,73.15121951,1003.25805664
IBRD only,IBD,2007,70.51424507,161.842101731212
IDA & IBRD total,IBT,2007,67.96608384,132.363905061865
IDA total,IDA,2007,59.79398891,35.9807229354657
IDA blend,IDB,2007,58.27571322,46.7746075710798
Indonesia,IDN,2007,67.914,55.99677658
IDA only,IDX,2007,60.55899866,30.5663593522124
India,IND,2007,65.803,35.63138962
Ireland,IRL,2007,79.64146341,4858.64501953
"Iran, Islamic Rep.",IRN,2007,73.299,237.51042175
Iraq,IRQ,2007,64.428,100.59433746
Iceland,ISL,2007,81.45365854,5803.81152344
Israel,ISR,2007,80.50487805,1769.92504883
Italy,ITA,2007,81.43414634,3092.58227539
Jamaica,JAM,2007,71.405,250.94419861
Jordan,JOR,2007,73.407,208.03627014
Japan,JPN,2007,82.50707317,2781.49365234
Kazakhstan,KAZ,2007,66.18,174.33786011
Kenya,KEN,2007,59.407,49.44605255
Kyrgyz Republic,KGZ,2007,67.89512195,49.61043167
Cambodia,KHM,2007,65.549,30.77592659
Kiribati,KIR,2007,65.677,148.0586853
St. Kitts and Nevis,KNA,2007,71.437,707.96960449
"Korea, Rep.",KOR,2007,79.1195122,1256.11560059
Kuwait,KWT,2007,77.01017073,880.71105957
Latin America & Caribbean (excluding high income),LAC,2007,72.80234329,464.248589232899
Lao PDR,LAO,2007,61.694,24.56666374
Lebanon,LBN,2007,76.732,438.71112061
Liberia,LBR,2007,58.147,15.85356617
Libya,LBY,2007,71.788,269.63085938
St. Lucia,LCA,2007,72.86,439.59280396
Latin America & Caribbean,LCN,2007,73.05932988,471.509697724717
Least developed countries: UN classification,LDC,2007,59.61211981,26.5717457517153
Low income,LIC,2007,58.1732593,29.4656245759088
Sri Lanka,LKA,2007,72.983,71.38779449
Lower middle income,LMC,2007,64.49798275,43.7440866021263
Low & middle income,LMY,2007,67.85068295,116.372339102309
Lesotho,LSO,2007,43.66,65.80387878
Late-demographic dividend,LTE,2007,73.7749281,217.710587689697
Lithuania,LTU,2007,70.9,704.29315186
Luxembourg,LUX,2007,79.38292683,6671.26513672
Latvia,LVA,2007,71.0195122,775.19146729
Morocco,MAR,2007,69.62,131.86448669
Monaco,MCO,2007,83.903,7025.23681641
Moldova,MDA,2007,68.674,135.44366455
Madagascar,MDG,2007,61.533,19.33553123
Maldives,MDV,2007,75.711,478.24349976
Middle East & North Africa,MEA,2007,71.24161675,232.883398360912
Mexico,MEX,2007,73.796,558.06530762
Marshall Islands,MHL,2007,64.259,485.01657104
Middle income,MIC,2007,68.78656468,124.019808961318
North Macedonia,MKD,2007,73.8,263.25378418
Mali,MLI,2007,54.756,29.63539696
Malta,MLT,2007,79.79268293,1596.12316895
Myanmar,MMR,2007,62.367,9.91384029
Middle East & North Africa (excluding high income),MNA,2007,70.47797705,141.194819657353
Mongolia,MNG,2007,66.59341463,66.17643738
Mozambique,MOZ,2007,53.255,19.29700851
Mauritania,MRT,2007,64.885,40.41820145
Mauritius,MUS,2007,72.57073171,229.2313385
Malawi,MWI,2007,54.687,25.02168465
Malaysia,MYS,2007,74.961,230.5599823
North America,NAC,2007,78.23953315,6861.52780419712
Namibia,NAM,2007,54.026,463.44381714
Niger,NER,2007,55.063,20.80476379
Nigeria,NGA,2007,50.381,66.90659332
Nicaragua,NIC,2007,71.197,93.93821716
Netherlands,NLD,2007,80.09756098,4696.14160156
Norway,NOR,2007,80.39512195,6895.56005859
Nepal,NPL,2007,66.169,17.13900185
Nauru,NRU,2007,59.49,586.8157959
New Zealand,NZL,2007,80.15121951,2705.66430664
OECD members,OED,2007,78.47220088,3628.74447044842
Oman,OMN,2007,75.596,397.21173096
Other small states,OSS,2007,68.94546701,674.194801222036
Pakistan,PAK,2007,63.807,26.14198685
Panama,PAN,2007,75.675,472.08703613
Peru,PER,2007,72.746,158.55148315
Philippines,PHL,2007,68.549,64.27903748
Palau,PLW,2007,67.113,897.35339355
Papua New Guinea,PNG,2007,62.211,33.18586731
Poland,POL,2007,75.24390244,660.92468262
Pre-demographic dividend,PRE,2007,55.55076813,46.8718184682122
Portugal,PRT,2007,78.32195122,2112.52880859
Paraguay,PRY,2007,71.817,161.25285339
West Bank and Gaza,PSE,2007,72.064,149.22294617
Pacific island small states,PSS,2007,67.36683795,153.402058921112
Post-demographic dividend,PST,2007,78.97978058,4212.66433750305
Qatar,QAT,2007,77.741,1301.49682617
Romania,ROU,2007,72.56585366,415.06790161
Russian Federation,RUS,2007,67.58682927,459.60116577
Rwanda,RWA,2007,59.504,33.50766754
South Asia,SAS,2007,65.62292154,32.7383655260669
Saudi Arabia,SAU,2007,75.066,662.00793457
Sudan,SDN,2007,61.442,81.79000854
Senegal,SEN,2007,62.653,40.60185623
Singapore,SGP,2007,80.44146341,1116.97937012
Solomon Islands,SLB,2007,67.845,89.10964203
Sierra Leone,SLE,2007,50.024,31.99986649
El Salvador,SLV,2007,69.82,239.99687195
San Marino,SMR,2007,82.605,3804.50634766
Serbia,SRB,2007,73.63170732,547.22723389
Sub-Saharan Africa (excluding high income),SSA,2007,55.2614782,70.7192775231547
Sub-Saharan Africa,SSF,2007,55.26332456,70.7663857972235
Small states,SST,2007,68.92233069,569.128886501429
Sao Tome and Principe,STP,2007,63.336,59.71631241
Suriname,SUR,2007,68.307,309.17565918
Slovak Republic,SVK,2007,74.20731707,1029.30029297
Slovenia,SVN,2007,78.56097561,1795.95043945
Sweden,SWE,2007,80.9,4310.32666016
Eswatini,SWZ,2007,45.16,252.24301147
Seychelles,SYC,2007,73.14390244,508.96060181
Syrian Arab Republic,SYR,2007,73.256,71.78123474
Chad,TCD,2007,49.21,34.0423584
East Asia & Pacific (IDA & IBRD countries),TEA,2007,73.04503311,89.2653449606564
Europe & Central Asia (IDA & IBRD countries),TEC,2007,70.1803432,385.742013998617
Togo,TGO,2007,56.382,22.34309769
Thailand,THA,2007,73.779,125.10979462
Tajikistan,TJK,2007,67.405,28.58950996
Turkmenistan,TKM,2007,67.02,261.83258057
Latin America & the Caribbean (IDA & IBRD countries),TLA,2007,72.93377162,468.81107709361
Timor-Leste,TLS,2007,62.396,30.51906586
Middle East & North Africa (IDA & IBRD countries),TMN,2007,70.46102488,141.109011218952
Tonga,TON,2007,70.887,134.56217957
South Asia (IDA & IBRD),TSA,2007,65.62292154,32.7383655260669
Sub-Saharan Africa (IDA & IBRD countries),TSS,2007,55.26332456,70.7663857972235
Trinidad and Tobago,TTO,2007,70.797,667.35321045
Tunisia,TUN,2007,74.039,202.32022095
Turkiye,TUR,2007,74.129,504.37646484
Tuvalu,TUV,2007,64.402,281.69580078
Tanzania,TZA,2007,59.26,36.23610306
Uganda,UGA,2007,57.248,36.10126495
Ukraine,UKR,2007,67.715,183.18217468
Upper middle income,UMC,2007,72.90879424,200.847377312094
Uruguay,URY,2007,76.15,578.34454346
United States,USA,2007,77.98780488,7153.73144531
Uzbekistan,UZB,2007,68.483,46.89629364
St. Vincent and the Grenadines,VCT,2007,70.446,244.32910156
Viet Nam,VNM,2007,73.385,54.40701294
Vanuatu,VUT,2007,69.144,72.52819061
World,WLD,2007,69.8035496,788.761764388847
Samoa,WSM,2007,71.605,147.84771729
"Yemen, Rep.",YEM,2007,66.23,51.83703613
South Africa,ZAF,2007,54.948,455.17498779
Zambia,ZMB,2007,53.73,51.24428177
Africa Eastern and Southern,AFE,2008,57.24010632,86.4788770271068
Afghanistan,AFG,2008,59.708,39.88624954
Africa Western and Central,AFW,2008,53.91626163,60.3655519585296
Angola,AGO,2008,55.281,136.34094238
Albania,ALB,2008,78.248,237.10340881
Andorra,AND,2008,83.855,2774.92602539
Arab World,ARB,2008,69.25813276,210.928964665812
United Arab Emirates,ARE,2008,81.591,1465.82446289
Argentina,ARG,2008,75.428,740.14105225
Armenia,ARM,2008,73.07317073,261.59963989
Antigua and Barbuda,ATG,2008,76.075,694.03344727
Australia,AUS,2008,81.39512195,4083.42944336
Austria,AUT,2008,80.43170732,5057.76074219
Azerbaijan,AZE,2008,69.355,111.88427734
Burundi,BDI,2008,55.581,14.67025566
Belgium,BEL,2008,79.6804878,4652.54589844
Benin,BEN,2008,58.099,28.12486076
Burkina Faso,BFA,2008,55.199,28.79026413
Bangladesh,BGD,2008,67.047,15.5619669
Bulgaria,BGR,2008,72.96341463,455.54058838
Bahrain,BHR,2008,77.457,734.99511719
"Bahamas, The",BHS,2008,73.445,1429.23681641
Bosnia and Herzegovina,BIH,2008,76.3,459.29174805
Belarus,BLR,2008,70.45609756,348.92633057
Belize,BLZ,2008,70.665,257.8269043
Bolivia,BOL,2008,65.299,77.9777298
Brazil,BRA,2008,73.111,713.67193604
Barbados,BRB,2008,75.3,1136.53637695
Brunei Darussalam,BRN,2008,74.814,792.01367188
Bhutan,BTN,2008,67.733,57.59343338
Botswana,BWA,2008,57.661,324.54284668
Central African Republic,CAF,2008,49.873,18.02888489
Canada,CAN,2008,80.72463415,4451.32373047
Central Europe and the Baltics,CEB,2008,74.57595268,927.70934430448
Switzerland,CHE,2008,81.99268293,7120.65283203
Chile,CHL,2008,78.752,719.07501221
China,CHN,2008,74.833,133.83999634
Cote d'Ivoire,CIV,2008,54.179,64.67678833
Cameroon,CMR,2008,56.116,54.58909225
"Congo, Dem. Rep.",COD,2008,55.388,15.36659527
"Congo, Rep.",COG,2008,60.79,63.41820908
Colombia,COL,2008,74.206,379.16812134
Comoros,COM,2008,61.955,73.75498962
Cabo Verde,CPV,2008,71.888,127.78376007
Costa Rica,CRI,2008,79.18,518.1114502
Caribbean small states,CSS,2008,70.2865485,515.553238308052
Cuba,CUB,2008,77.589,609.27282715
Cyprus,CYP,2008,79.906,2155.24658203
Czechia,CZE,2008,76.97560976,1449.33679199
Germany,DEU,2008,79.73658537,4669.76025391
Djibouti,DJI,2008,59.815,55.90976715
Dominica,DMA,2008,71.945,336.0015564
Denmark,DNK,2008,78.44634146,6137.77636719
Dominican Republic,DOM,2008,71.331,229.29747009
Algeria,DZA,2008,73.618,206.37207031
East Asia & Pacific (excluding high income),EAP,2008,72.92413762,116.597180955517
Early-demographic dividend,EAR,2008,67.02181876,119.463470339655
East Asia & Pacific,EAS,2008,73.84816299,375.822589185019
Europe & Central Asia (excluding high income),ECA,2008,70.97431752,322.581042016962
Europe & Central Asia,ECS,2008,75.29967578,2294.22872045825
Ecuador,ECU,2008,74.709,231.62229919
"Egypt, Arab Rep.",EGY,2008,68.761,90.15769958
Euro area,EMU,2008,80.24968617,3995.23323210538
Eritrea,ERI,2008,62.422,21.55065727
Spain,ESP,2008,81.17560976,2995.18603516
Estonia,EST,2008,73.77073171,1082.15478516
Ethiopia,ETH,2008,57.733,13.03863621
European Union,EUU,2008,79.12756933,3418.06865914331
Fragile and conflict affected situations,FCS,2008,58.22659875,66.3491096671965
Finland,FIN,2008,79.56829268,4486.33789063
Fiji,FJI,2008,66.32,134.50354004
France,FRA,2008,81.21463415,4807.37451172
"Micronesia, Fed. Sts.",FSM,2008,64.849,448.39755249
Gabon,GAB,2008,64.011,270.23822021
United Kingdom,GBR,2008,79.6,4301.41552734
Georgia,GEO,2008,70.949,281.84671021
Ghana,GHA,2008,60.578,63.33117676
Guinea,GIN,2008,55.703,22.97397041
"Gambia, The",GMB,2008,60.473,40.0297699
Guinea-Bissau,GNB,2008,55.3,34.94678879
Equatorial Guinea,GNQ,2008,57.384,203.97105408
Greece,GRC,2008,79.93902439,2840.50854492
Grenada,GRD,2008,74.374,401.15072632
Guatemala,GTM,2008,69.493,175.67254639
Guyana,GUY,2008,65.721,138.70043945
High income,HIC,2008,78.04804643,3908.46594133737
Honduras,HND,2008,69.657,149.05706787
Heavily indebted poor countries (HIPC),HPC,2008,57.85556159,38.009897387419
Croatia,HRV,2008,75.91219512,1258.87243652
Haiti,HTI,2008,61.28,40.445961
Hungary,HUN,2008,73.70243902,1117.20227051
IBRD only,IBD,2008,70.76244573,195.318614853495
IDA & IBRD total,IBT,2008,68.1835059,158.729527918153
IDA total,IDA,2008,60.02481047,40.7131342378825
IDA blend,IDB,2008,58.61176472,51.5232959711687
Indonesia,IDN,2008,68.085,59.24273682
IDA only,IDX,2008,60.73950496,35.266057510975
India,IND,2008,66.247,37.65440369
Ireland,IRL,2008,80.09512195,5638.77929688
"Iran, Islamic Rep.",IRN,2008,73.683,288.85775757
Iraq,IRQ,2008,66.465,139.28845215
Iceland,ISL,2008,81.6097561,4749.68408203
Israel,ISR,2008,80.95121951,2126.11132813
Italy,ITA,2008,81.48536585,3504.11157227
Jamaica,JAM,2008,71.502,282.24386597
Jordan,JOR,2008,73.563,275.17532349
Japan,JPN,2008,82.58756098,3223.29101563
Kazakhstan,KAZ,2008,66.759,245.79397583
Kenya,KEN,2008,59.955,54.35681915
Kyrgyz Republic,KGZ,2008,68.45121951,62.77722549
Cambodia,KHM,2008,66.147,48.62422562
Kiribati,KIR,2008,65.746,190.33927917
St. Kitts and Nevis,KNA,2008,71.479,881.09844971
"Korea, Rep.",KOR,2008,79.51707317,1171.5625
Kuwait,KWT,2008,77.18904878,1069.46472168
Latin America & Caribbean (excluding high income),LAC,2008,73.05356453,533.319858395315
Lao PDR,LAO,2008,62.248,26.74945259
Lebanon,LBN,2008,76.956,462.17767334
Liberia,LBR,2008,58.675,26.30083656
Libya,LBY,2008,71.936,312.11196899
St. Lucia,LCA,2008,72.963,430.23074341
Latin America & Caribbean,LCN,2008,73.25614041,541.534647808184
Least developed countries: UN classification,LDC,2008,59.81180113,31.1707321577047
Low income,LIC,2008,58.78441844,33.510619473417
Sri Lanka,LKA,2008,72.556,90.00082397
Lower middle income,LMC,2008,64.74683419,49.073918435515
Low & middle income,LMY,2008,68.07096258,137.544080187658
Lesotho,LSO,2008,44.304,69.06710052
Late-demographic dividend,LTE,2008,73.92526336,275.213454961925
Lithuania,LTU,2008,71.81219512,936.50933838
Luxembourg,LUX,2008,80.53902439,7578.74951172
Latvia,LVA,2008,72.4195122,913.52148438
Morocco,MAR,2008,70.051,153.23677063
Monaco,MCO,2008,83.827,8307.68554688
Moldova,MDA,2008,69.0,185.56115723
Madagascar,MDG,2008,61.992,20.91898537
Maldives,MDV,2008,75.999,775.14593506
Middle East & North Africa,MEA,2008,71.66185707,277.506938505062
Mexico,MEX,2008,73.695,573.11114502
Marshall Islands,MHL,2008,64.3,536.23034668
Middle income,MIC,2008,68.98350588,146.854316563567
North Macedonia,MKD,2008,74.4,313.61117554
Mali,MLI,2008,55.187,33.2138176
Malta,MLT,2008,79.63658537,1751.16503906
Myanmar,MMR,2008,56.364,14.70817947
Middle East & North Africa (excluding high income),MNA,2008,70.88765358,173.157815596865
Mongolia,MNG,2008,67.24609756,97.26833344
Mozambique,MOZ,2008,53.799,24.48562622
Mauritania,MRT,2008,65.233,49.2858696
Mauritius,MUS,2008,72.57073171,312.88540649
Malawi,MWI,2008,55.715,32.73458099
Malaysia,MYS,2008,75.151,263.67819214
North America,NAC,2008,78.30385925,7077.78173631476
Namibia,NAM,2008,54.74,411.6569519
Niger,NER,2008,55.852,24.75069427
Nigeria,NGA,2008,50.748,77.45053101
Nicaragua,NIC,2008,71.404,109.20231628
Netherlands,NLD,2008,80.25121951,5382.44580078
Norway,NOR,2008,80.59268293,7768.05029297
Nepal,NPL,2008,66.442,18.86374855
Nauru,NRU,2008,59.675,809.65649414
New Zealand,NZL,2008,80.35121951,2850.05834961
OECD members,OED,2008,78.61376718,3881.51002513979
Oman,OMN,2008,76.124,466.60375977
Other small states,OSS,2008,69.39846454,749.95298529379
Pakistan,PAK,2008,64.002,24.34272766
Panama,PAN,2008,75.937,506.78494263
Peru,PER,2008,72.743,191.42611694
Philippines,PHL,2008,68.643,75.69056702
Palau,PLW,2008,67.562,880.83892822
Papua New Guinea,PNG,2008,62.511,34.69308472
Poland,POL,2008,75.54390244,892.59698486
Pre-demographic dividend,PRE,2008,56.1357406,55.1782154592784
Portugal,PRT,2008,78.52439024,2391.98120117
Paraguay,PRY,2008,72.047,220.90351868
West Bank and Gaza,PSE,2008,72.204,200.96418762
Pacific island small states,PSS,2008,67.5747311,157.679475867996
Post-demographic dividend,PST,2008,79.14477962,4503.74852311027
Qatar,QAT,2008,78.262,1292.60046387
Romania,ROU,2008,72.56585366,521.31561279
Russian Federation,RUS,2008,67.94926829,606.77508545
Rwanda,RWA,2008,60.641,39.94607162
South Asia,SAS,2008,66.03781513,34.614152626702
Saudi Arabia,SAU,2008,75.301,663.14331055
Sudan,SDN,2008,61.261,82.84203339
Senegal,SEN,2008,63.201,49.05390167
Singapore,SGP,2008,80.7902439,1286.91345215
Solomon Islands,SLB,2008,68.336,75.69615936
Sierra Leone,SLE,2008,50.693,37.45465088
El Salvador,SLV,2008,70.138,253.45413208
San Marino,SMR,2008,82.894,4378.24853516
Serbia,SRB,2008,73.88536585,671.88702393
Sub-Saharan Africa (excluding high income),SSA,2008,55.88553972,75.3706746700822
Sub-Saharan Africa,SSF,2008,55.88731425,75.413824074508
Small states,SST,2008,69.30533724,628.823255056068
Sao Tome and Principe,STP,2008,63.448,64.58831787
Suriname,SUR,2008,68.873,334.24771118
Slovak Republic,SVK,2008,74.70487805,1251.67724609
Slovenia,SVN,2008,78.76585366,2179.45239258
Sweden,SWE,2008,81.1,4627.56396484
Eswatini,SWZ,2008,45.853,265.72091675
Seychelles,SYC,2008,73.16341463,478.90612793
Syrian Arab Republic,SYR,2008,73.368,82.53261566
Chad,TCD,2008,49.503,36.89921951
East Asia & Pacific (IDA & IBRD countries),TEA,2008,72.97073219,116.608362782087
Europe & Central Asia (IDA & IBRD countries),TEC,2008,70.54516414,485.876988511871
Togo,TGO,2008,56.651,26.89384079
Thailand,THA,2008,74.221,149.06762695
Tajikistan,TJK,2008,67.924,41.35135651
Turkmenistan,TKM,2008,67.584,235.91514587
Latin America & the Caribbean (IDA & IBRD countries),TLA,2008,73.13381082,539.495174365002
Timor-Leste,TLS,2008,62.858,43.71953964
Middle East & North Africa (IDA & IBRD countries),TMN,2008,70.87345913,172.857973610167
Tonga,TON,2008,71.041,190.86582947
South Asia (IDA & IBRD),TSA,2008,66.03781513,34.614152626702
Sub-Saharan Africa (IDA & IBRD countries),TSS,2008,55.88731425,75.4138240745079
Trinidad and Tobago,TTO,2008,71.117,751.54608154
Tunisia,TUN,2008,74.192,230.50152588
Turkiye,TUR,2008,74.38,561.73529053
Tuvalu,TUV,2008,64.516,297.58547974
Tanzania,TZA,2008,59.896,36.26182556
Uganda,UGA,2008,58.253,40.04308701
Ukraine,UKR,2008,68.262,212.75292969
Upper middle income,UMC,2008,73.09421968,241.318408469285
Uruguay,URY,2008,76.275,811.7020874
United States,USA,2008,78.03902439,7364.93847656
Uzbekistan,UZB,2008,69.035,61.29156876
St. Vincent and the Grenadines,VCT,2008,70.611,256.13983154
Viet Nam,VNM,2008,73.455,64.433815
Vanuatu,VUT,2008,69.302,81.70391083
World,WLD,2008,70.00282764,853.887052884312
Samoa,WSM,2008,71.531,156.89399719
"Yemen, Rep.",YEM,2008,66.609,61.74676514
South Africa,ZAF,2008,55.982,442.10626221
Zambia,ZMB,2008,54.835,61.45419693
Africa Eastern and Southern,AFE,2009,58.09552714,90.1430694546991
Afghanistan,AFG,2009,60.248,43.13351822
Africa Western and Central,AFW,2009,53.85224546,55.5655613542595
Angola,AGO,2009,56.225,120.5289917
Albania,ALB,2009,78.509,236.94244385
Andorra,AND,2009,84.1,2663.37402344
Arab World,ARB,2009,69.70690354,227.032309515657
United Arab Emirates,ARE,2009,81.679,1531.02209473
Argentina,ARG,2009,75.577,778.51556396
Armenia,ARM,2009,73.07317073,247.90641785
Antigua and Barbuda,ATG,2009,76.386,609.50390625
Australia,AUS,2009,81.54390244,3989.44116211
Austria,AUT,2009,80.33170732,4928.98779297
Azerbaijan,AZE,2009,69.874,135.40127563
Burundi,BDI,2009,56.422,18.31996346
Belgium,BEL,2009,80.03414634,4637.45019531
Benin,BEN,2009,58.258,29.58557701
Burkina Faso,BFA,2009,55.791,30.56930923
Bangladesh,BGD,2009,67.527,17.7030201
Bulgaria,BGR,2009,73.41219512,459.30020142
Bahrain,BHR,2009,78.016,838.52880859
"Bahamas, The",BHS,2009,73.455,1416.92468262
Bosnia and Herzegovina,BIH,2009,76.701,409.29098511
Belarus,BLR,2009,70.40731707,288.44775391
Belize,BLZ,2009,70.806,243.30648804
Bolivia,BOL,2009,65.656,89.57923889
Brazil,BRA,2009,73.457,728.55639648
Barbados,BRB,2009,75.458,1163.96875
Brunei Darussalam,BRN,2009,74.814,739.28015137
Bhutan,BTN,2009,68.156,59.74616623
Botswana,BWA,2009,58.297,336.53146362
Central African Republic,CAF,2009,14.665,21.37773895
Canada,CAN,2009,81.06609756,4354.06298828
Central Europe and the Baltics,CEB,2009,74.93036393,842.588807418098
Switzerland,CHE,2009,82.04390244,7297.37988281
Chile,CHL,2009,78.89,730.63336182
China,CHN,2009,75.317,164.87619019
Cote d'Ivoire,CIV,2009,54.744,71.06480408
Cameroon,CMR,2009,56.486,51.14823914
"Congo, Dem. Rep.",COD,2009,55.798,12.75762081
"Congo, Rep.",COG,2009,61.215,48.65313721
Colombia,COL,2009,74.531,383.91674805
Comoros,COM,2009,62.302,69.4848938
Cabo Verde,CPV,2009,72.142,130.19699097
Costa Rica,CRI,2009,79.372,537.06317139
Caribbean small states,CSS,2009,70.51774947,525.218715880647
Cuba,CUB,2009,77.584,675.53399658
Cyprus,CYP,2009,80.375,2105.4777832
Czechia,CZE,2009,77.07804878,1442.24279785
Germany,DEU,2009,79.83658537,4674.91943359
Djibouti,DJI,2009,60.351,56.92132568
Dominica,DMA,2009,71.835,354.04888916
Denmark,DNK,2009,78.59756098,6221.68896484
Dominican Republic,DOM,2009,71.587,237.11128235
Algeria,DZA,2009,73.871,207.20181274
East Asia & Pacific (excluding high income),EAP,2009,73.46778781,138.521330576786
Early-demographic dividend,EAR,2009,67.49640825,119.945793020863
East Asia & Pacific,EAS,2009,74.36834717,421.357701343156
Europe & Central Asia (excluding high income),ECA,2009,71.44229216,284.384244898929
Europe & Central Asia,ECS,2009,75.68616401,2196.28489621424
Ecuador,ECU,2009,74.901,244.5753479
"Egypt, Arab Rep.",EGY,2009,68.915,98.90396881
Euro area,EMU,2009,80.45386135,3929.20719502897
Eritrea,ERI,2009,63.203,24.35102463
Spain,ESP,2009,81.47560976,2937.71777344
Estonia,EST,2009,74.82439024,1006.50708008
Ethiopia,ETH,2009,58.715,15.1445961
European Union,EUU,2009,79.36006571,3341.94021576223
Fragile and conflict affected situations,FCS,2009,58.97472586,61.2976792372047
Finland,FIN,2009,79.7195122,4349.89501953
Fiji,FJI,2009,66.347,121.05646515
France,FRA,2009,81.41463415,4737.578125
"Micronesia, Fed. Sts.",FSM,2009,64.865,492.5491333
Gabon,GAB,2009,64.361,281.60784912
United Kingdom,GBR,2009,80.05121951,3829.68286133
Georgia,GEO,2009,71.058,270.2170105
Ghana,GHA,2009,60.928,62.34637833
Guinea,GIN,2009,56.052,23.71565628
"Gambia, The",GMB,2009,60.735,34.59326172
Guinea-Bissau,GNB,2009,56.297,27.60988426
Equatorial Guinea,GNQ,2009,57.881,234.87966919
Greece,GRC,2009,80.18780488,2809.05957031
Grenada,GRD,2009,74.567,376.68447876
Guatemala,GTM,2009,69.676,169.37559509
Guyana,GUY,2009,66.03,150.21723938
High income,HIC,2009,78.40058238,3953.38947631719
Honduras,HND,2009,69.823,160.23144531
Heavily indebted poor countries (HIPC),HPC,2009,58.23920372,38.871561239775
Croatia,HRV,2009,76.16829268,1187.54528809
Haiti,HTI,2009,61.694,41.39894867
Hungary,HUN,2009,73.90487805,943.68774414
IBRD only,IBD,2009,71.16021321,199.381100662679
IDA & IBRD total,IBT,2009,68.58711267,161.376821828602
IDA total,IDA,2009,60.5539493,40.4050337767236
IDA blend,IDB,2009,58.93688794,47.4432708349459
Indonesia,IDN,2009,68.267,62.4021759
IDA only,IDX,2009,61.3748143,36.8435815801049
India,IND,2009,66.7,38.05965042
Ireland,IRL,2009,80.1902439,5502.88769531
"Iran, Islamic Rep.",IRN,2009,74.041,354.25738525
Iraq,IRQ,2009,67.834,140.1234436
Iceland,ISL,2009,81.75121951,3622.97827148
Israel,ISR,2009,81.40487805,2034.45812988
Italy,ITA,2009,81.63658537,3337.75073242
Jamaica,JAM,2009,71.717,227.90843201
Jordan,JOR,2009,73.707,316.92221069
Japan,JPN,2009,82.93146341,3696.58422852
Kazakhstan,KAZ,2009,67.46,240.99569702
Kenya,KEN,2009,60.483,55.455616
Kyrgyz Republic,KGZ,2009,69.10243902,59.93972397
Cambodia,KHM,2009,66.747,55.25073624
Kiribati,KIR,2009,65.808,167.97206116
St. Kitts and Nevis,KNA,2009,71.488,872.67474365
"Korea, Rep.",KOR,2009,79.96829268,1146.5637207
Kuwait,KWT,2009,77.43336585,1025.90490723
Latin America & Caribbean (excluding high income),LAC,2009,73.23788516,527.729842516409
Lao PDR,LAO,2009,63.023,35.71521378
Lebanon,LBN,2009,77.262,496.88284302
Liberia,LBR,2009,59.106,51.79761505
Libya,LBY,2009,72.071,342.20449829
St. Lucia,LCA,2009,72.946,432.087677
Latin America & Caribbean,LCN,2009,73.44226233,536.994567671906
Least developed countries: UN classification,LDC,2009,60.57242371,32.0658278437721
Low income,LIC,2009,59.10869148,34.4522531500531
Sri Lanka,LKA,2009,70.298,97.26274872
Lower middle income,LMC,2009,65.21945344,49.8249518118719
Low & middle income,LMY,2009,68.46859386,144.296056237108
Lesotho,LSO,2009,45.055,80.82315063
Late-demographic dividend,LTE,2009,74.34816013,286.764428000592
Lithuania,LTU,2009,72.91463415,864.73638916
Luxembourg,LUX,2009,80.63658537,7670.59375
Latvia,LVA,2009,73.0804878,744.66162109
Morocco,MAR,2009,70.454,165.50694275
Monaco,MCO,2009,84.187,8157.43505859
Moldova,MDA,2009,69.406,208.53004456
Madagascar,MDG,2009,62.304,19.56957817
Maldives,MDV,2009,76.371,679.66296387
Middle East & North Africa,MEA,2009,72.0014966,302.971684004933
Mexico,MEX,2009,73.628,492.59887695
Marshall Islands,MHL,2009,64.395,543.67626953
Middle income,MIC,2009,69.40302027,154.293259933609
North Macedonia,MKD,2009,74.44634146,297.88058472
Mali,MLI,2009,55.588,34.64718246
Malta,MLT,2009,80.24146341,1677.36230469
Myanmar,MMR,2009,63.095,18.70313454
Middle East & North Africa (excluding high income),MNA,2009,71.22107603,193.148829986938
Mongolia,MNG,2009,67.96902439,76.7000351
Mozambique,MOZ,2009,54.4,27.68954468
Mauritania,MRT,2009,65.485,44.64679718
Mauritius,MUS,2009,72.88243902,301.67260742
Malawi,MWI,2009,56.714,35.56491852
Malaysia,MYS,2009,75.269,245.64353943
North America,NAC,2009,78.65471284,7292.67642092083
Namibia,NAM,2009,55.347,384.44067383
Niger,NER,2009,56.487,24.51097679
Nigeria,NGA,2009,51.08,65.71811676
Nicaragua,NIC,2009,71.499,112.75749207
Netherlands,NLD,2009,80.54878049,5282.74316406
Norway,NOR,2009,80.79512195,7301.95996094
Nepal,NPL,2009,66.6,20.86620903
Nauru,NRU,2009,59.852,575.39526367
New Zealand,NZL,2009,80.70243902,2712.92041016
OECD members,OED,2009,78.86606619,3920.8728219309
Oman,OMN,2009,76.631,510.08691406
Other small states,OSS,2009,69.93520664,706.809248883376
Pakistan,PAK,2009,64.206,23.14643288
Panama,PAN,2009,76.228,550.80755615
Peru,PER,2009,72.631,209.1973877
Philippines,PHL,2009,68.631,77.64539337
Palau,PLW,2009,67.99,947.12615967
Papua New Guinea,PNG,2009,62.772,36.5436821
Poland,POL,2009,75.69512195,759.60577393
Pre-demographic dividend,PRE,2009,56.50933908,52.3385439341395
Portugal,PRT,2009,78.72682927,2346.54199219
Paraguay,PRY,2009,72.282,217.7858429
West Bank and Gaza,PSE,2009,72.306,221.97026062
Pacific island small states,PSS,2009,67.4527929,154.600642063355
Post-demographic dividend,PST,2009,79.46747243,4576.54197658524
Qatar,QAT,2009,78.837,1325.43005371
Romania,ROU,2009,73.3097561,449.37692261
Russian Federation,RUS,2009,68.68463415,513.91033936
Rwanda,RWA,2009,61.813,43.99682617
South Asia,SAS,2009,66.42021173,35.1270914717608
Saudi Arabia,SAU,2009,75.447,760.19476318
Sudan,SDN,2009,62.676,80.0038147
Senegal,SEN,2009,63.751,50.27443314
Singapore,SGP,2009,81.24146341,1326.11682129
Solomon Islands,SLB,2009,68.397,93.87008667
Sierra Leone,SLE,2009,51.312,39.24406815
El Salvador,SLV,2009,70.359,257.19317627
San Marino,SMR,2009,83.224,4242.50341797
Serbia,SRB,2009,73.98536585,575.262146
Sub-Saharan Africa (excluding high income),SSA,2009,56.36628632,75.4531514766818
Sub-Saharan Africa,SSF,2009,56.36796304,75.4871712806502
Small states,SST,2009,69.70565052,600.827561966066
Sao Tome and Principe,STP,2009,63.669,64.90551758
Suriname,SUR,2009,69.323,380.04019165
Slovak Republic,SVK,2009,74.9097561,1320.09301758
Slovenia,SVN,2009,78.97073171,2125.05688477
Sweden,SWE,2009,81.35121951,4136.17333984
Eswatini,SWZ,2009,46.913,279.68212891
Seychelles,SYC,2009,73.08292683,401.24008179
Syrian Arab Republic,SYR,2009,73.496,87.32125854
Chad,TCD,2009,49.828,34.82435226
East Asia & Pacific (IDA & IBRD countries),TEA,2009,73.51610196,138.531414457046
Europe & Central Asia (IDA & IBRD countries),TEC,2009,71.08323384,419.8488614922
Togo,TGO,2009,56.927,28.3035717
Thailand,THA,2009,74.669,149.67800903
Tajikistan,TJK,2009,68.248,38.9187851
Turkmenistan,TKM,2009,68.155,178.44587708
Latin America & the Caribbean (IDA & IBRD countries),TLA,2009,73.32482388,533.486275292006
Timor-Leste,TLS,2009,63.265,50.18856049
Middle East & North Africa (IDA & IBRD countries),TMN,2009,71.20928717,192.835654523131
Tonga,TON,2009,70.949,118.79367065
South Asia (IDA & IBRD),TSA,2009,66.42021173,35.1270914717608
Sub-Saharan Africa (IDA & IBRD countries),TSS,2009,56.36796304,75.4871712806501
Trinidad and Tobago,TTO,2009,71.404,776.62243652
Tunisia,TUN,2009,74.32,231.3591156
Turkiye,TUR,2009,74.679,492.30032349
Tuvalu,TUV,2009,64.693,330.37155151
Tanzania,TZA,2009,60.494,33.9993782
Uganda,UGA,2009,59.157,44.3670578
Ukraine,UKR,2009,69.159,165.98542786
Upper middle income,UMC,2009,73.49915231,256.1376992825
Uruguay,URY,2009,76.67,826.05682373
United States,USA,2009,78.3902439,7614.82421875
Uzbekistan,UZB,2009,69.517,71.95819092
St. Vincent and the Grenadines,VCT,2009,70.712,264.6159668
Viet Nam,VNM,2009,73.525,69.82720184
Vanuatu,VUT,2009,69.422,82.80802155
World,WLD,2009,70.37877625,863.298668966286
Samoa,WSM,2009,69.486,172.45288086
"Yemen, Rep.",YEM,2009,66.905,58.02085114
South Africa,ZAF,2009,57.413,487.62774658
Zambia,ZMB,2009,55.886,58.61063385
Africa Eastern and Southern,AFE,2010,58.82727921,104.119647011763
Afghanistan,AFG,2010,60.702,46.42438889
Africa Western and Central,AFW,2010,54.60335321,59.6319871828387
Angola,AGO,2010,57.242,96.95197296
Albania,ALB,2010,78.414,253.98246765
Andorra,AND,2010,84.197,3277.78515625
Arab World,ARB,2010,69.8073221,234.421137079307
United Arab Emirates,ARE,2010,81.886,1619.98864746
Argentina,ARG,2010,75.68,975.65991211
Armenia,ARM,2010,73.17317073,291.77758789
Antigua and Barbuda,ATG,2010,76.701,724.08880615
Australia,AUS,2010,81.69512195,4947.96337891
Austria,AUT,2010,80.5804878,4800.79345703
Azerbaijan,AZE,2010,70.309,153.0665741
Burundi,BDI,2010,57.088,24.45114708
Belgium,BEL,2010,80.18292683,4530.05810547
Benin,BEN,2010,58.387,29.29358101
Burkina Faso,BFA,2010,56.343,32.74515533
Bangladesh,BGD,2010,68.009,20.62105751
Bulgaria,BGR,2010,73.51219512,484.75228882
Bahrain,BHR,2010,78.593,866.67224121
"Bahamas, The",BHS,2010,73.449,1444.0065918
Bosnia and Herzegovina,BIH,2010,76.827,406.13046265
Belarus,BLR,2010,70.40487805,341.13800049
Belize,BLZ,2010,70.875,244.02867126
Bolivia,BOL,2010,66.003,100.39356232
Brazil,BRA,2010,73.779,906.0098877
Barbados,BRB,2010,75.488,1114.3729248
Brunei Darussalam,BRN,2010,74.82,795.97766113
Bhutan,BTN,2010,68.765,72.38789368
Botswana,BWA,2010,59.137,389.55178833
Central African Republic,CAF,2010,46.871,17.01008034
Canada,CAN,2010,81.32219512,5062.48291016
Central Europe and the Baltics,CEB,2010,75.29396578,869.153568201303
Switzerland,CHE,2010,82.24634146,7695.68798828
Chile,CHL,2010,79.095,861.72436523
China,CHN,2010,75.668,188.87156677
Cote d'Ivoire,CIV,2010,55.282,70.04605103
Cameroon,CMR,2010,56.965,50.03335571
"Congo, Dem. Rep.",COD,2010,56.411,12.1423111
"Congo, Rep.",COG,2010,61.731,54.56225586
Colombia,COL,2010,74.876,452.44281006
Comoros,COM,2010,62.747,69.21523285
Cabo Verde,CPV,2010,72.507,146.0806427
Costa Rica,CRI,2010,79.354,663.69165039
Caribbean small states,CSS,2010,70.64340455,536.730388268637
Cuba,CUB,2010,77.876,608.5847168
Cyprus,CYP,2010,80.632,2045.2923584
Czechia,CZE,2010,77.42439024,1509.44726563
Germany,DEU,2010,79.98780488,4611.421875
Djibouti,DJI,2010,60.743,55.7044487
Dominica,DMA,2010,71.68,369.75668335
Denmark,DNK,2010,79.1,6171.28515625
Dominican Republic,DOM,2010,72.039,270.03961182
Algeria,DZA,2010,74.144,227.95396423
East Asia & Pacific (excluding high income),EAP,2010,73.76163906,160.376238979613
Early-demographic dividend,EAR,2010,67.82444347,137.290448522307
East Asia & Pacific,EAS,2010,74.62997901,479.630422183346
Europe & Central Asia (excluding high income),ECA,2010,71.91259115,310.317058305949
Europe & Central Asia,ECS,2010,75.99172452,2184.84177959936
Ecuador,ECU,2010,75.188,287.00466919
"Egypt, Arab Rep.",EGY,2010,69.078,105.07817841
Euro area,EMU,2010,80.69681319,3814.78565337249
Eritrea,ERI,2010,63.665,26.00652122
Spain,ESP,2010,81.62682927,2789.63720703
Estonia,EST,2010,75.42926829,966.19024658
Ethiopia,ETH,2010,59.709,16.17102051
European Union,EUU,2010,79.63248342,3270.343633501
Fragile and conflict affected situations,FCS,2010,59.37758842,66.6545591503021
Finland,FIN,2010,79.87073171,4251.52880859
Fiji,FJI,2010,66.778,127.65603638
France,FRA,2010,81.66341463,4592.38330078
"Micronesia, Fed. Sts.",FSM,2010,64.892,581.45568848
Gabon,GAB,2010,64.715,206.87702942
United Kingdom,GBR,2010,80.40243902,3892.38012695
Georgia,GEO,2010,71.732,285.15029907
Ghana,GHA,2010,61.297,80.57714844
Guinea,GIN,2010,56.431,22.59741783
"Gambia, The",GMB,2010,61.167,32.99832535
Guinea-Bissau,GNB,2010,56.999,31.61246872
Equatorial Guinea,GNQ,2010,58.344,222.45153809
Greece,GRC,2010,80.38780488,2564.36938477
Grenada,GRD,2010,74.731,374.46508789
Guatemala,GTM,2010,69.885,175.31318665
Guyana,GUY,2010,66.204,162.70393372
High income,HIC,2010,78.59167879,4090.20648712915
Honduras,HND,2010,69.77,165.19970703
Heavily indebted poor countries (HIPC),HPC,2010,58.73245715,40.5644466917274
Croatia,HRV,2010,76.47560976,1126.37365723
Haiti,HTI,2010,45.577,55.73518753
Hungary,HUN,2010,74.20731707,983.11083984
IBRD only,IBD,2010,71.5021795,230.024925039917
IDA & IBRD total,IBT,2010,68.92583752,184.751341637748
IDA total,IDA,2010,60.9876114,43.8512274229119
IDA blend,IDB,2010,59.22595835,53.1892959977304
Indonesia,IDN,2010,68.364,85.55950165
IDA only,IDX,2010,61.88493982,38.9730394849102
India,IND,2010,67.162,44.79586029
Ireland,IRL,2010,80.74390244,5133.45507813
"Iran, Islamic Rep.",IRN,2010,74.39,424.60494995
Iraq,IRQ,2010,68.092,144.54083252
Iceland,ISL,2010,81.89756098,3614.03833008
Israel,ISR,2010,81.60243902,2237.90795898
Italy,ITA,2010,82.03658537,3217.68286133
Jamaica,JAM,2010,71.979,254.69741821
Jordan,JOR,2010,73.797,303.8081665
Japan,JPN,2010,82.84268293,4071.80200195
Kazakhstan,KAZ,2010,68.257,240.6149292
Kenya,KEN,2010,60.915,58.8164711
Kyrgyz Republic,KGZ,2010,69.3,60.67642975
Cambodia,KHM,2010,67.311,53.58575439
Kiribati,KIR,2010,65.859,133.15927124
St. Kitts and Nevis,KNA,2010,71.452,866.84997559
"Korea, Rep.",KOR,2010,80.11707317,1413.15209961
Kuwait,KWT,2010,77.72621951,1050.41589355
Latin America & Caribbean (excluding high income),LAC,2010,73.17286099,627.414265387578
Lao PDR,LAO,2010,63.69,34.52460861
Lebanon,LBN,2010,77.529,567.25506592
Liberia,LBR,2010,59.358,50.15371704
Libya,LBY,2010,72.196,380.58596802
St. Lucia,LCA,2010,72.768,438.23928833
Latin America & Caribbean,LCN,2010,73.40929623,637.689185643779
Least developed countries: UN classification,LDC,2010,61.04089222,32.9767888950107
Low income,LIC,2010,59.88794383,34.9672914186595
Sri Lanka,LKA,2010,74.463,105.07371521
Lower middle income,LMC,2010,65.56406685,56.0927377772095
Low & middle income,LMY,2010,68.81497325,166.468097174596
Lesotho,LSO,2010,46.045,88.61594391
Late-demographic dividend,LTE,2010,74.71081553,327.029793583584
Lithuania,LTU,2010,73.26829268,805.2244873
Luxembourg,LUX,2010,80.63170732,7459.83544922
Latvia,LVA,2010,73.48292683,689.07720947
Morocco,MAR,2010,70.821,168.36595154
Monaco,MCO,2010,84.644,8016.66992188
Moldova,MDA,2010,69.876,198.28894043
Madagascar,MDG,2010,62.597,21.13975906
Maldives,MDV,2010,76.756,608.87176514
Middle East & North Africa,MEA,2010,72.23966951,327.72302170555
Mexico,MEX,2010,73.718,534.08520508
Marshall Islands,MHL,2010,64.498,548.59899902
Middle income,MIC,2010,69.72025185,178.604070067349
North Macedonia,MKD,2010,74.99756098,308.09429932
Mali,MLI,2010,55.993,31.36423492
Malta,MLT,2010,81.39756098,1733.66882324
Myanmar,MMR,2010,63.479,20.23270416
Middle East & North Africa (excluding high income),MNA,2010,71.46327824,214.502634465528
Mongolia,MNG,2010,68.50560976,99.50933838
Mozambique,MOZ,2010,55.04,26.26061249
Mauritania,MRT,2010,65.661,43.759655
Mauritius,MUS,2010,72.96731707,357.17382813
Malawi,MWI,2010,57.787,33.99176025
Malaysia,MYS,2010,75.376,285.64263916
North America,NAC,2010,78.81699569,7561.3727430848
Namibia,NAM,2010,56.093,519.55053711
Niger,NER,2010,57.08,23.7641449
Nigeria,NGA,2010,51.315,73.008255
Nicaragua,NIC,2010,71.761,117.70147705
Netherlands,NLD,2010,80.70243902,5191.69384766
Norway,NOR,2010,80.99756098,7859.51611328
Nepal,NPL,2010,66.772,29.62231827
Nauru,NRU,2010,60.074,626.21124268
New Zealand,NZL,2010,80.90487805,3232.71362305
OECD members,OED,2010,79.04606696,4049.57168428204
Oman,OMN,2010,77.184,583.57073975
Other small states,OSS,2010,70.46510719,712.563635123312
Pakistan,PAK,2010,64.378,23.62846184
Panama,PAN,2010,76.417,607.42242432
Peru,PER,2010,72.886,241.43280029
Philippines,PHL,2010,68.883,89.35166931
Palau,PLW,2010,68.347,1093.30786133
Papua New Guinea,PNG,2010,63.056,39.3453064
Poland,POL,2010,76.24634146,809.19940186
Pre-demographic dividend,PRE,2010,57.12199836,53.866595240341
Portugal,PRT,2010,79.02682927,2259.30371094
Paraguay,PRY,2010,72.551,258.43127441
West Bank and Gaza,PSE,2010,73.302,219.44699097
Pacific island small states,PSS,2010,67.90591719,161.592821801826
Post-demographic dividend,PST,2010,79.67740636,4728.96737465642
Qatar,QAT,2010,79.444,1309.79272461
Romania,ROU,2010,73.45853659,472.20751953
Russian Federation,RUS,2010,68.84121951,564.30065918
Rwanda,RWA,2010,62.804,47.96915817
South Asia,SAS,2010,66.88569307,40.7395029063978
Saudi Arabia,SAU,2010,75.616,765.91680908
Sudan,SDN,2010,62.979,73.60456848
Senegal,SEN,2010,64.221,51.38805008
Singapore,SGP,2010,81.54146341,1510.66784668
Solomon Islands,SLB,2010,68.669,74.11127472
Sierra Leone,SLE,2010,51.927,37.81203461
El Salvador,SLV,2010,70.909,270.69418335
San Marino,SMR,2010,83.464,3813.88354492
Serbia,SRB,2010,74.33658537,545.33380127
Sub-Saharan Africa (excluding high income),SSA,2010,57.10544578,85.4974382868419
Sub-Saharan Africa,SSF,2010,57.10706045,85.5448683897542
Small states,SST,2010,70.15915681,608.007587270886
Sao Tome and Principe,STP,2010,63.867,60.94829941
Suriname,SUR,2010,69.626,399.59710693
Slovak Republic,SVK,2010,75.11219512,1296.54284668
Slovenia,SVN,2010,79.42195122,2017.14660645
Sweden,SWE,2010,81.45121951,4416.14550781
Eswatini,SWZ,2010,48.331,343.04284668
Seychelles,SYC,2010,73.19756098,546.56799316
Syrian Arab Republic,SYR,2010,73.542,88.11807251
Chad,TCD,2010,50.107,35.26005936
East Asia & Pacific (IDA & IBRD countries),TEA,2010,73.80659809,160.387447080418
Europe & Central Asia (IDA & IBRD countries),TEC,2010,71.43589734,454.084035226407
Togo,TGO,2010,57.227,30.54597664
Thailand,THA,2010,75.012,168.61891174
Tajikistan,TJK,2010,68.37,42.28567886
Turkmenistan,TKM,2010,68.608,202.7792511
Latin America & the Caribbean (IDA & IBRD countries),TLA,2010,73.28403817,637.749039497058
Timor-Leste,TLS,2010,63.66,52.6151619
Middle East & North Africa (IDA & IBRD countries),TMN,2010,71.44316278,214.448543604627
Tonga,TON,2010,71.319,166.58139038
South Asia (IDA & IBRD),TSA,2010,66.88569307,40.7395029063978
Sub-Saharan Africa (IDA & IBRD countries),TSS,2010,57.10706045,85.5448683897542
Trinidad and Tobago,TTO,2010,71.809,825.16088867
Tunisia,TUN,2010,74.438,240.75447083
Turkiye,TUR,2010,74.964,531.82861328
Tuvalu,TUV,2010,64.834,465.0112915
Tanzania,TZA,2010,61.127,37.18493271
Uganda,UGA,2010,59.959,51.88574982
Ukraine,UKR,2010,70.188,199.49559021
Upper middle income,UMC,2010,73.82715981,299.775995749209
Uruguay,URY,2010,76.691,1043.26000977
United States,USA,2010,78.54146341,7836.08837891
Uzbekistan,UZB,2010,69.836,92.87456512
St. Vincent and the Grenadines,VCT,2010,70.66,281.91867065
Viet Nam,VNM,2010,73.611,85.36088562
Vanuatu,VUT,2010,69.57,99.27953339
World,WLD,2010,70.68090351,899.943045880368
Samoa,WSM,2010,71.451,185.43850708
"Yemen, Rep.",YEM,2010,67.223,59.60072327
South Africa,ZAF,2010,58.886,621.41906738
Zambia,ZMB,2010,56.896,57.67263412
Zimbabwe,ZWE,2010,51.925,94.44809723
Africa Eastern and Southern,AFE,2011,59.20000403,112.278381664917
Afghanistan,AFG,2011,61.25,52.18721771
Africa Western and Central,AFW,2011,54.96397349,65.3671500691137
Angola,AGO,2011,58.093,122.11888123
Albania,ALB,2011,78.303,273.75292969
Andorra,AND,2011,84.296,3550.90820313
Arab World,ARB,2011,69.36333769,266.617777001431
United Arab Emirates,ARE,2011,81.898,1787.59997559
Argentina,ARG,2011,76.1,1196.51464844
Armenia,ARM,2011,73.81707317,325.29086304
Antigua and Barbuda,ATG,2011,77.023,717.28186035
Australia,AUS,2011,81.89512195,5876.88525391
Austria,AUT,2011,80.98292683,5167.81787109
Azerbaijan,AZE,2011,70.565,184.93493652
Burundi,BDI,2011,57.804,23.16802216
Belgium,BEL,2011,80.58536585,4929.19873047
Benin,BEN,2011,58.462,31.75146866
Burkina Faso,BFA,2011,57.001,33.70409393
Bangladesh,BGD,2011,68.499,22.77348328
Bulgaria,BGR,2011,74.16341463,555.86419678
Bahrain,BHR,2011,79.141,921.72064209
"Bahamas, The",BHS,2011,73.571,1442.24768066
Bosnia and Herzegovina,BIH,2011,76.963,456.96905518
Belarus,BLR,2011,70.55365854,317.82492065
Belize,BLZ,2011,70.975,252.73461914
Bolivia,BOL,2011,66.282,119.78379059
Brazil,BRA,2011,74.047,1043.3548584
Barbados,BRB,2011,75.599,1163.2668457
Brunei Darussalam,BRN,2011,74.835,864.63787842
Bhutan,BTN,2011,69.28,77.75431824
Botswana,BWA,2011,59.715,427.70709229
Central African Republic,CAF,2011,50.107,19.62990761
Canada,CAN,2011,81.48268293,5401.61523438
Central Europe and the Baltics,CEB,2011,75.88847488,920.610840001348
Switzerland,CHE,2011,82.69512195,9204.87792969
Chile,CHL,2011,79.236,984.4486084
China,CHN,2011,75.889,239.19824219
Cote d'Ivoire,CIV,2011,55.972,67.97618103
Cameroon,CMR,2011,57.482,58.33031845
"Congo, Dem. Rep.",COD,2011,56.911,11.89942932
"Congo, Rep.",COG,2011,62.286,59.51348114
Colombia,COL,2011,75.18,501.84420776
Comoros,COM,2011,63.105,81.19863892
Cabo Verde,CPV,2011,72.913,157.06980896
Costa Rica,CRI,2011,79.624,753.42633057
Caribbean small states,CSS,2011,70.81962507,548.055715660345
Cuba,CUB,2011,78.051,695.81542969
Cyprus,CYP,2011,80.855,2114.66894531
Czechia,CZE,2011,77.87317073,1649.15905762
Germany,DEU,2011,80.43658537,5037.49169922
Djibouti,DJI,2011,61.337,61.89852524
Dominica,DMA,2011,71.517,387.11709595
Denmark,DNK,2011,79.8,6438.21240234
Dominican Republic,DOM,2011,72.496,293.95123291
Algeria,DZA,2011,74.383,285.5020752
East Asia & Pacific (excluding high income),EAP,2011,73.98574532,200.301094312263
Early-demographic dividend,EAR,2011,68.26003807,153.205010520949
East Asia & Pacific,EAS,2011,74.82528306,588.874783411469
Europe & Central Asia (excluding high income),ECA,2011,72.15094572,330.37956300119
Europe & Central Asia,ECS,2011,76.47527091,2367.49533646258
Ecuador,ECU,2011,75.179,340.40786743
"Egypt, Arab Rep.",EGY,2011,69.232,116.22949219
Euro area,EMU,2011,81.18071866,4075.59586135605
Eritrea,ERI,2011,64.231,35.55129623
Spain,ESP,2011,82.47560976,2908.91967773
Estonia,EST,2011,76.22926829,1061.1628418
Ethiopia,ETH,2011,60.595,14.62286568
European Union,EUU,2011,80.14094854,3525.67437611876
Fragile and conflict affected situations,FCS,2011,59.66224008,72.4236082321261
Finland,FIN,2011,80.47073171,4717.5078125
Fiji,FJI,2011,66.88,140.93704224
France,FRA,2011,82.11463415,4931.87792969
"Micronesia, Fed. Sts.",FSM,2011,64.969,379.53436279
Gabon,GAB,2011,65.102,261.37597656
United Kingdom,GBR,2011,80.95121951,4140.36230469
Georgia,GEO,2011,72.485,312.96923828
Ghana,GHA,2011,61.617,91.68003845
Guinea,GIN,2011,56.778,24.12806129
"Gambia, The",GMB,2011,61.561,31.05148888
Guinea-Bissau,GNB,2011,57.663,44.72909927
Equatorial Guinea,GNQ,2011,58.827,245.80303955
Greece,GRC,2011,80.73170732,2338.91503906
Grenada,GRD,2011,74.861,403.17129517
Guatemala,GTM,2011,70.321,191.24732971
Guyana,GUY,2011,66.469,186.11392212
High income,HIC,2011,78.91718017,4403.62519608844
Honduras,HND,2011,70.116,182.3137207
Heavily indebted poor countries (HIPC),HPC,2011,59.23007473,43.8535813048548
Croatia,HRV,2011,76.77560976,1132.49890137
Haiti,HTI,2011,61.581,77.12206268
Hungary,HUN,2011,74.85853659,1063.43237305
IBRD only,IBD,2011,71.82703314,267.342253289713
IDA & IBRD total,IBT,2011,69.23488381,213.304001210231
IDA total,IDA,2011,61.34857432,47.2158258035659
IDA blend,IDB,2011,59.52096014,57.4766506951799
Indonesia,IDN,2011,68.629,107.00540161
IDA only,IDX,2011,62.28152838,41.8433858472297
India,IND,2011,67.623,48.18242264
Ireland,IRL,2011,80.74634146,5545.76416016
"Iran, Islamic Rep.",IRN,2011,74.721,505.33276367
Iraq,IRQ,2011,68.435,161.89790344
Iceland,ISL,2011,82.35853659,3937.31591797
Israel,ISR,2011,81.65609756,2442.29052734
Italy,ITA,2011,82.18780488,3391.98925781
Jamaica,JAM,2011,72.245,274.10949707
Jordan,JOR,2011,73.929,321.59057617
Japan,JPN,2011,82.59121951,5103.34326172
Kazakhstan,KAZ,2011,69.108,293.73300171
Kenya,KEN,2011,61.283,57.02286911
Kyrgyz Republic,KGZ,2011,69.60243902,78.73632813
Cambodia,KHM,2011,67.869,65.3871994
Kiribati,KIR,2011,65.896,141.5138092
St. Kitts and Nevis,KNA,2011,71.4,920.49584961
"Korea, Rep.",KOR,2011,80.56829268,1562.21313477
Kuwait,KWT,2011,78.0522439,1147.15539551
Latin America & Caribbean (excluding high income),LAC,2011,73.73985574,714.028161021744
Lao PDR,LAO,2011,64.505,27.11878395
Lebanon,LBN,2011,77.768,640.69805908
Liberia,LBR,2011,59.486,53.83006287
Libya,LBY,2011,69.95,305.20037842
St. Lucia,LCA,2011,72.962,463.79498291
Latin America & Caribbean,LCN,2011,73.92477225,725.620278727936
Least developed countries: UN classification,LDC,2011,61.5004569,36.4148179923079
Low income,LIC,2011,59.99224195,35.8397821421829
Sri Lanka,LKA,2011,74.74,115.51642609
Lower middle income,LMC,2011,66.00101443,61.4234444993007
Low & middle income,LMY,2011,69.11117372,192.806127047476
Lesotho,LSO,2011,46.93,118.72569275
Late-demographic dividend,LTE,2011,74.99997086,387.482138187023
Lithuania,LTU,2011,73.56341463,925.47161865
Luxembourg,LUX,2011,80.98780488,7174.73925781
Latvia,LVA,2011,73.57560976,764.59179688
Morocco,MAR,2011,71.263,179.00019836
Monaco,MCO,2011,85.01,8302.79492188
Moldova,MDA,2011,70.173,214.98246765
Madagascar,MDG,2011,62.86,22.88667488
Maldives,MDV,2011,77.141,588.20758057
Middle East & North Africa,MEA,2011,72.35922879,374.839300354624
Mexico,MEX,2011,73.921,565.31738281
Marshall Islands,MHL,2011,64.641,376.39205933
Middle income,MIC,2011,70.0502681,207.533255936606
North Macedonia,MKD,2011,75.1,335.13171387
Mali,MLI,2011,56.367,31.67959213
Malta,MLT,2011,80.74634146,1960.06115723
Myanmar,MMR,2011,63.859,27.40522575
Middle East & North Africa (excluding high income),MNA,2011,71.56020673,243.732798455614
Montenegro,MNE,2011,76.08292683,571.65600586
Mongolia,MNG,2011,69.10926829,135.98664856
Mozambique,MOZ,2011,55.733,30.42516136
Mauritania,MRT,2011,65.754,47.77469254
Mauritius,MUS,2011,73.26682927,385.76248169
Malawi,MWI,2011,58.859,39.29244232
Malaysia,MYS,2011,75.488,343.45877075
North America,NAC,2011,78.92364097,7756.27652203032
Namibia,NAM,2011,56.647,565.43469238
Niger,NER,2011,57.6,24.84123039
Nigeria,NGA,2011,51.49,80.2377243
Nicaragua,NIC,2011,72.033,125.13540649
Netherlands,NLD,2011,81.20487805,5562.12109375
Norway,NOR,2011,81.29512195,8900.37207031
Nepal,NPL,2011,67.123,34.14775085
Nauru,NRU,2011,60.287,672.27624512
New Zealand,NZL,2011,81.15609756,3655.53637695
OECD members,OED,2011,79.26726232,4343.06044774738
Oman,OMN,2011,77.74,563.23632813
Other small states,OSS,2011,70.82269487,752.58717113916
Pakistan,PAK,2011,64.659,25.02491379
Panama,PAN,2011,76.659,664.97564697
Peru,PER,2011,73.327,264.46487427
Philippines,PHL,2011,69.096,95.95716095
Palau,PLW,2011,68.638,1072.56323242
Papua New Guinea,PNG,2011,63.382,52.49456787
Poland,POL,2011,76.69512195,866.09466553
Pre-demographic dividend,PRE,2011,57.31185332,58.8476143419945
Portugal,PRT,2011,80.47073171,2255.96923828
Paraguay,PRY,2011,72.787,337.81317139
West Bank and Gaza,PSE,2011,73.557,308.36453247
Pacific island small states,PSS,2011,68.02228102,163.245977353145
Post-demographic dividend,PST,2011,79.94334512,5086.01561741408
Qatar,QAT,2011,79.994,1482.28308105
Romania,ROU,2011,74.4097561,426.59973145
Russian Federation,RUS,2011,69.68390244,681.04577637
Rwanda,RWA,2011,63.476,51.64990616
South Asia,SAS,2011,67.31909455,43.9105460563513
Saudi Arabia,SAU,2011,75.808,954.38873291
Sudan,SDN,2011,63.181,80.3718338
Senegal,SEN,2011,64.799,57.93114853
Singapore,SGP,2011,81.74390244,1700.1685791
Solomon Islands,SLB,2011,68.824,95.43640137
Sierra Leone,SLE,2011,52.594,49.60349274
El Salvador,SLV,2011,71.192,295.64242554
San Marino,SMR,2011,83.713,4550.35058594
Serbia,SRB,2011,74.53658537,618.89422607
Sub-Saharan Africa (excluding high income),SSA,2011,57.47199144,92.629655770348
Sub-Saharan Africa,SSF,2011,57.47344184,92.6752598448592
Small states,SST,2011,70.45321919,641.577051744845
Sao Tome and Principe,STP,2011,64.122,69.45979309
Suriname,SUR,2011,69.82,375.34957886
Slovak Republic,SVK,2011,75.95853659,1352.43835449
Slovenia,SVN,2011,79.97073171,2147.80517578
Sweden,SWE,2011,81.80243902,6351.21679688
Eswatini,SWZ,2011,49.057,365.25265503
Seychelles,SYC,2011,72.72439024,560.39526367
Syrian Arab Republic,SYR,2011,72.259,74.3771286
Chad,TCD,2011,50.426,37.35868073
East Asia & Pacific (IDA & IBRD countries),TEA,2011,74.0266932,200.311549695904
Europe & Central Asia (IDA & IBRD countries),TEC,2011,71.92666192,505.463833452682
Togo,TGO,2011,57.612,34.41139603
Thailand,THA,2011,75.302,191.74464417
Tajikistan,TJK,2011,68.698,48.8431282
Turkmenistan,TKM,2011,68.87,251.85777283
Latin America & the Caribbean (IDA & IBRD countries),TLA,2011,73.81125724,725.748606859325
Timor-Leste,TLS,2011,64.022,64.43626404
Middle East & North Africa (IDA & IBRD countries),TMN,2011,71.53822148,243.021185245828
Tonga,TON,2011,71.437,193.43716431
South Asia (IDA & IBRD),TSA,2011,67.31909455,43.9105460563513
Sub-Saharan Africa (IDA & IBRD countries),TSS,2011,57.47344184,92.6752598448592
Trinidad and Tobago,TTO,2011,72.232,872.96398926
Tunisia,TUN,2011,74.471,270.67507935
Turkiye,TUR,2011,74.823,525.89105225
Tuvalu,TUV,2011,64.96,501.53479004
Tanzania,TZA,2011,61.618,37.75179672
Uganda,UGA,2011,60.791,55.2076683
Ukraine,UKR,2011,70.711,240.17747498
Upper middle income,UMC,2011,74.08639975,353.269996288977
Uruguay,URY,2011,76.614,1244.93884277
United States,USA,2011,78.64146341,8015.78076172
Uzbekistan,UZB,2011,70.143,109.86156464
St. Vincent and the Grenadines,VCT,2011,70.609,276.15722656
Viet Nam,VNM,2011,73.713,97.05238342
Vanuatu,VUT,2011,69.729,113.81780243
World,WLD,2011,70.96669485,973.644374465976
Samoa,WSM,2011,71.393,211.88684082
"Yemen, Rep.",YEM,2011,67.412,56.58930588
South Africa,ZAF,2011,60.602,686.87243652
Zambia,ZMB,2011,57.843,64.3181076
Zimbabwe,ZWE,2011,53.911,83.82868195
Africa Eastern and Southern,AFE,2012,60.24951236,109.068556220884
Afghanistan,AFG,2012,61.735,52.45247269
Africa Western and Central,AFW,2012,55.29270582,67.9295612950029
Angola,AGO,2012,58.916,121.84848022
Albania,ALB,2012,78.084,260.68319702
Andorra,AND,2012,84.334,2785.18896484
Arab World,ARB,2012,69.8423166,294.860262829968
United Arab Emirates,ARE,2012,81.913,1711.38525391
Argentina,ARG,2012,75.802,1355.22851563
Armenia,ARM,2012,74.1195122,331.91378784
Antigua and Barbuda,ATG,2012,77.1,753.50183105
Australia,AUS,2012,82.04634146,6038.87158203
Austria,AUT,2012,80.93658537,4966.09570313
Azerbaijan,AZE,2012,71.08,234.60324097
Burundi,BDI,2012,58.501,20.01195908
Belgium,BEL,2012,80.38536585,4704.67578125
Benin,BEN,2012,58.559,32.95616913
Burkina Faso,BFA,2012,57.457,33.66717529
Bangladesh,BGD,2012,68.989,23.43771553
Bulgaria,BGR,2012,74.31463415,558.64794922
Bahrain,BHR,2012,79.622,1038.1661377
"Bahamas, The",BHS,2012,73.707,1518.64953613
Bosnia and Herzegovina,BIH,2012,77.037,444.93655396
Belarus,BLR,2012,71.96585366,364.09957886
Belize,BLZ,2012,71.134,247.82728577
Bolivia,BOL,2012,66.586,135.32060242
Brazil,BRA,2012,74.335,968.7277832
Barbados,BRB,2012,75.737,1294.78674316
Brunei Darussalam,BRN,2012,74.843,869.36553955
Bhutan,BTN,2012,69.759,84.0940094
Botswana,BWA,2012,60.384,418.82244873
Central African Republic,CAF,2012,51.336,21.33021736
Canada,CAN,2012,81.66365854,5520.62207031
Central Europe and the Baltics,CEB,2012,76.00342259,863.589433948051
Switzerland,CHE,2012,82.69756098,8929.32519531
Chile,CHL,2012,79.221,1070.51293945
China,CHN,2012,76.2,284.69760132
Cote d'Ivoire,CIV,2012,56.57,69.86203003
Cameroon,CMR,2012,58.17,56.96441269
"Congo, Dem. Rep.",COD,2012,57.35,13.20595551
"Congo, Rep.",COG,2012,62.662,71.2766571
Colombia,COL,2012,75.611,547.00732422
Comoros,COM,2012,63.463,77.10220337
Cabo Verde,CPV,2012,73.315,174.66062927
Costa Rica,CRI,2012,79.925,788.53100586
Caribbean small states,CSS,2012,70.88916417,581.99449514122
Cuba,CUB,2012,78.162,601.74957275
Cyprus,CYP,2012,81.128,1899.37255859
Czechia,CZE,2012,78.07560976,1509.77526855
Germany,DEU,2012,80.53902439,4765.67871094
Djibouti,DJI,2012,61.719,64.8536911
Dominica,DMA,2012,71.391,407.42053223
Denmark,DNK,2012,80.05121951,6168.33935547
Dominican Republic,DOM,2012,72.817,304.23754883
Algeria,DZA,2012,74.609,340.09133911
East Asia & Pacific (excluding high income),EAP,2012,74.25978721,233.498736130215
Early-demographic dividend,EAR,2012,68.60946303,160.373161461081
East Asia & Pacific,EAS,2012,75.10597269,627.195588189346
Europe & Central Asia (excluding high income),ECA,2012,72.67450392,346.008883809489
Europe & Central Asia,ECS,2012,76.67650659,2273.37363714662
Ecuador,ECU,2012,75.486,387.54577637
"Egypt, Arab Rep.",EGY,2012,69.464,139.81625366
Euro area,EMU,2012,81.18073947,3801.73212349614
Eritrea,ERI,2012,64.697,27.78689003
Spain,ESP,2012,82.42682927,2590.73803711
Estonia,EST,2012,76.32682927,1058.71960449
Ethiopia,ETH,2012,61.443,20.00217628
European Union,EUU,2012,80.16273672,3300.48292760707
Fragile and conflict affected situations,FCS,2012,60.13479502,79.342182575114
Finland,FIN,2012,80.62682927,4573.19726563
Fiji,FJI,2012,65.812,153.56562805
France,FRA,2012,81.96829268,4644.59570313
"Micronesia, Fed. Sts.",FSM,2012,65.08,372.10220337
Gabon,GAB,2012,65.438,225.07722473
United Kingdom,GBR,2012,80.90487805,4217.24755859
Georgia,GEO,2012,72.672,345.60079956
Ghana,GHA,2012,61.995,81.94947815
Guinea,GIN,2012,57.117,23.70012856
"Gambia, The",GMB,2012,61.9,29.56409264
Guinea-Bissau,GNB,2012,58.27,37.75499725
Equatorial Guinea,GNQ,2012,59.301,262.1546936
Greece,GRC,2012,80.63414634,1948.24853516
Grenada,GRD,2012,74.961,413.02658081
Guatemala,GTM,2012,70.722,200.84880066
Guyana,GUY,2012,66.443,201.88832092
High income,HIC,2012,79.07096018,4421.2680002659
Honduras,HND,2012,70.46,184.04154968
Heavily indebted poor countries (HIPC),HPC,2012,60.08546491,44.5701096280169
Croatia,HRV,2012,77.16829268,1029.97119141
Haiti,HTI,2012,62.273,75.08546448
Hungary,HUN,2012,75.06341463,961.1383667
IBRD only,IBD,2012,72.16372155,284.759087590694
IDA & IBRD total,IBT,2012,69.5733658,226.542983716941
IDA total,IDA,2012,61.78241678,49.6519868159992
IDA blend,IDB,2012,59.77152673,62.4959756505738
Indonesia,IDN,2012,68.862,105.85425568
IDA only,IDX,2012,62.80971922,42.9215089335603
India,IND,2012,68.076,48.45263672
Ireland,IRL,2012,80.84634146,5210.36376953
"Iran, Islamic Rep.",IRN,2012,75.039,500.21826172
Iraq,IRQ,2012,68.827,174.48312378
Iceland,ISL,2012,82.91707317,3784.38378906
Israel,ISR,2012,81.70487805,2405.1809082
Italy,ITA,2012,82.23902439,3086.30322266
Jamaica,JAM,2012,72.405,260.90640259
Jordan,JOR,2012,74.087,325.97836304
Japan,JPN,2012,83.09609756,5232.36279297
Kazakhstan,KAZ,2012,69.939,365.04208374
Kenya,KEN,2012,61.537,64.48231506
Kyrgyz Republic,KGZ,2012,70.00243902,98.66984558
Cambodia,KHM,2012,68.371,68.28430939
Kiribati,KIR,2012,65.908,146.6194458
St. Kitts and Nevis,KNA,2012,71.362,880.17578125
"Korea, Rep.",KOR,2012,80.8195122,1591.78039551
Kuwait,KWT,2012,78.39502439,1216.8684082
Latin America & Caribbean (excluding high income),LAC,2012,74.00159251,709.365074906937
Lao PDR,LAO,2012,65.126,32.46548843
Lebanon,LBN,2012,77.941,588.83917236
Liberia,LBR,2012,59.785,49.88091278
Libya,LBY,2012,72.188,592.46356201
St. Lucia,LCA,2012,72.86,455.97622681
Latin America & Caribbean,LCN,2012,74.16416906,725.000506117608
Least developed countries: UN classification,LDC,2012,62.22543924,38.0637757176179
Low income,LIC,2012,60.6103813,36.1540407836562
Sri Lanka,LKA,2012,75.187,110.03600311
Lower middle income,LMC,2012,66.36915866,64.5071493409582
Low & middle income,LMY,2012,69.45641838,204.876695144804
Lesotho,LSO,2012,48.235,126.1050415
Late-demographic dividend,LTE,2012,75.29936696,415.505604556122
Lithuania,LTU,2012,73.86341463,896.93707275
Luxembourg,LUX,2012,81.39268293,6029.47460938
Latvia,LVA,2012,73.77804878,745.51745605
Morocco,MAR,2012,71.674,172.04353333
Monaco,MCO,2012,85.045,7868.83154297
Moldova,MDA,2012,70.344,223.61895752
Madagascar,MDG,2012,63.007,19.30151749
Maldives,MDV,2012,77.512,647.11553955
Middle East & North Africa,MEA,2012,72.3112097,397.997815157058
Mexico,MEX,2012,74.128,582.48297119
Marshall Islands,MHL,2012,64.776,410.4979248
Middle income,MIC,2012,70.38042725,220.952687029766
North Macedonia,MKD,2012,74.90243902,317.978302
Mali,MLI,2012,56.696,27.53107071
Malta,MLT,2012,80.74634146,1898.60144043
Myanmar,MMR,2012,64.251,37.25568008
Middle East & North Africa (excluding high income),MNA,2012,71.45307305,258.301892396376
Montenegro,MNE,2012,76.3,535.16223145
Mongolia,MNG,2012,69.5002439,169.6519928
Mozambique,MOZ,2012,56.46,35.24672699
Mauritania,MRT,2012,65.808,49.2515831
Mauritius,MUS,2012,73.86341463,387.1026001
Malawi,MWI,2012,59.87,32.53772354
Malaysia,MYS,2012,75.552,371.76046753
North America,NAC,2012,79.03261014,7989.27013587138
Namibia,NAM,2012,57.733,550.6829834
Niger,NER,2012,57.987,22.71487427
Nigeria,NGA,2012,51.688,87.89523315
Nicaragua,NIC,2012,72.435,133.64489746
Netherlands,NLD,2012,81.10487805,5284.64990234
Norway,NOR,2012,81.45121951,8970.11914063
Nepal,NPL,2012,67.364,33.64963913
Nauru,NRU,2012,60.533,873.81658936
New Zealand,NZL,2012,81.40731707,3854.95629883
OECD members,OED,2012,79.42872199,4350.37549435744
Oman,OMN,2012,78.187,561.1171875
Other small states,OSS,2012,71.28048721,736.727258832783
Pakistan,PAK,2012,64.883,25.59742928
Panama,PAN,2012,76.877,725.01544189
Peru,PER,2012,73.979,309.31439209
Philippines,PHL,2012,69.237,109.2149353
Palau,PLW,2012,68.863,1239.99304199
Papua New Guinea,PNG,2012,63.639,70.27664948
Poland,POL,2012,76.74634146,815.1418457
Pre-demographic dividend,PRE,2012,58.01534624,61.6411458798179
Portugal,PRT,2012,80.37317073,1980.01867676
Paraguay,PRY,2012,73.105,368.7868042
West Bank and Gaza,PSE,2012,73.722,298.34082031
Pacific island small states,PSS,2012,67.66605323,176.188185226556
Post-demographic dividend,PST,2012,80.08799115,5103.70192573176
Qatar,QAT,2012,80.499,1712.67089844
Romania,ROU,2012,74.41219512,401.67105103
Russian Federation,RUS,2012,70.07219512,755.48553467
Rwanda,RWA,2012,64.189,57.26454163
South Asia,SAS,2012,67.73943268,44.1838684340491
Saudi Arabia,SAU,2012,76.09,1093.15588379
Sudan,SDN,2012,63.427,75.40813446
Senegal,SEN,2012,65.229,56.61458969
Singapore,SGP,2012,81.99512195,1853.02429199
Solomon Islands,SLB,2012,68.961,100.7893219
Sierra Leone,SLE,2012,53.159,51.89955902
El Salvador,SLV,2012,71.42,301.03710938
San Marino,SMR,2012,83.943,4310.10009766
Serbia,SRB,2012,74.83658537,559.90545654
Sub-Saharan Africa (excluding high income),SSA,2012,58.22661931,91.8143836033024
Sub-Saharan Africa,SSF,2012,58.22811901,91.8694378127342
Small states,SST,2012,70.73928539,637.508991556214
Sao Tome and Principe,STP,2012,64.505,86.29039001
Suriname,SUR,2012,69.957,406.05526733
Slovak Republic,SVK,2012,76.1097561,1319.43823242
Slovenia,SVN,2012,80.12439024,1974.85400391
Sweden,SWE,2012,81.70487805,6254.44287109
Eswatini,SWZ,2012,50.714,340.03012085
Seychelles,SYC,2012,74.27560976,666.49902344
Syrian Arab Republic,SYR,2012,66.206,62.70924759
Chad,TCD,2012,50.765,36.20247269
East Asia & Pacific (IDA & IBRD countries),TEA,2012,74.29711263,233.511078276087
Europe & Central Asia (IDA & IBRD countries),TEC,2012,72.33411843,530.545593512147
Togo,TGO,2012,57.94,35.40290833
Thailand,THA,2012,75.59,201.70690918
Tajikistan,TJK,2012,69.13,56.97117615
Turkmenistan,TKM,2012,68.961,289.13015747
Latin America & the Caribbean (IDA & IBRD countries),TLA,2012,74.05314274,726.973829466022
Timor-Leste,TLS,2012,64.384,71.46888733
Middle East & North Africa (IDA & IBRD countries),TMN,2012,71.42794413,257.858451479302
Tonga,TON,2012,71.546,316.68118286
South Asia (IDA & IBRD),TSA,2012,67.73943268,44.1838684340491
Sub-Saharan Africa (IDA & IBRD countries),TSS,2012,58.22811901,91.8694378127342
Trinidad and Tobago,TTO,2012,72.513,895.08026123
Tunisia,TUN,2012,74.599,270.29055786
Turkiye,TUR,2012,75.552,520.44274902
Tuvalu,TUV,2012,65.079,473.34634399
Tanzania,TZA,2012,62.286,41.99654007
Uganda,UGA,2012,61.579,55.03918457
Ukraine,UKR,2012,71.09,270.76205444
Upper middle income,UMC,2012,74.40855677,378.164072640166
Uruguay,URY,2012,76.691,1347.02868652
United States,USA,2012,78.74146341,8262.29101563
Uzbekistan,UZB,2012,70.411,127.94210052
St. Vincent and the Grenadines,VCT,2012,70.539,298.78082275
Viet Nam,VNM,2012,73.762,109.29483795
Vanuatu,VUT,2012,69.898,118.25688171
World,WLD,2012,71.26223208,981.399214950519
Samoa,WSM,2012,71.159,197.01564026
"Yemen, Rep.",YEM,2012,67.569,64.67756653
South Africa,ZAF,2012,61.737,646.49920654
Zambia,ZMB,2012,58.704,69.17604828
Zimbabwe,ZWE,2012,55.386,85.69155121
Africa Eastern and Southern,AFE,2013,60.89573975,104.77671727692
Afghanistan,AFG,2013,62.188,56.16043472
Africa Western and Central,AFW,2013,55.55490741,75.4226655904252
Angola,AGO,2013,59.705,142.78450012
Albania,ALB,2013,77.995,276.0765686
Andorra,AND,2013,84.406,2887.02587891
Arab World,ARB,2013,70.19210585,303.439577352375
United Arab Emirates,ARE,2013,81.95,1789.68579102
Argentina,ARG,2013,75.829,1408.75634766
Armenia,ARM,2013,74.62195122,392.85253906
Antigua and Barbuda,ATG,2013,77.05,739.10491943
Australia,AUS,2013,82.14878049,5811.86865234
Austria,AUT,2013,81.13658537,5235.34130859
Azerbaijan,AZE,2013,71.485,251.67863464
Burundi,BDI,2013,59.179,20.26322556
Belgium,BEL,2013,80.58780488,4953.98193359
Benin,BEN,2013,58.863,33.53426743
Burkina Faso,BFA,2013,57.903,42.26796341
Bangladesh,BGD,2013,69.487,26.96918297
Bulgaria,BGR,2013,74.86097561,547.45483398
Bahrain,BHR,2013,79.998,1115.16906738
"Bahamas, The",BHS,2013,73.93,1559.34936523
Bosnia and Herzegovina,BIH,2013,77.129,475.07409668
Belarus,BLR,2013,72.47073171,454.51959229
Belize,BLZ,2013,71.276,262.88650513
Bolivia,BOL,2013,66.777,159.99380493
Brazil,BRA,2013,74.609,993.79608154
Barbados,BRB,2013,75.816,1246.16491699
Brunei Darussalam,BRN,2013,74.854,835.32452393
Bhutan,BTN,2013,70.161,86.41462708
Botswana,BWA,2013,61.217,433.29150391
Central African Republic,CAF,2013,49.487,17.36794472
Canada,CAN,2013,81.74487805,5462.15673828
Central Europe and the Baltics,CEB,2013,76.3731263,910.362491489398
Switzerland,CHE,2013,82.79756098,9324.97265625
Chile,CHL,2013,79.551,1171.77038574
China,CHN,2013,76.452,329.08572388
Cote d'Ivoire,CIV,2013,57.057,67.13149261
Cameroon,CMR,2013,58.73,57.22771454
"Congo, Dem. Rep.",COD,2013,57.795,15.37901688
"Congo, Rep.",COG,2013,62.969,71.85824585
Colombia,COL,2013,75.834,580.96453857
Comoros,COM,2013,63.839,81.81765747
Cabo Verde,CPV,2013,73.481,191.1048584
Costa Rica,CRI,2013,80.189,829.93658447
Caribbean small states,CSS,2013,71.01055622,593.751363758718
Cuba,CUB,2013,78.028,712.26629639
Cyprus,CYP,2013,81.317,1916.32263184
Czechia,CZE,2013,78.17560976,1508.79907227
Germany,DEU,2013,80.4902439,5100.15234375
Djibouti,DJI,2013,62.116,60.57233047
Dominica,DMA,2013,71.228,382.10519409
Denmark,DNK,2013,80.3,6334.41552734
Dominican Republic,DOM,2013,73.038,302.28512573
Algeria,DZA,2013,74.809,337.5736084
East Asia & Pacific (excluding high income),EAP,2013,74.48593238,263.862001159709
Early-demographic dividend,EAR,2013,68.96283778,165.969320655342
East Asia & Pacific,EAS,2013,75.33477299,603.489925331607
Europe & Central Asia (excluding high income),ECA,2013,73.12742311,367.358488697093
Europe & Central Asia,ECS,2013,77.0318539,2379.36738113292
Ecuador,ECU,2013,75.832,414.12683105
"Egypt, Arab Rep.",EGY,2013,69.632,139.67245483
Euro area,EMU,2013,81.46786078,3979.28286477306
Eritrea,ERI,2013,65.005,31.63773346
Spain,ESP,2013,83.07804878,2630.01904297
Estonia,EST,2013,77.14146341,1194.86206055
Ethiopia,ETH,2013,62.161,19.26698494
European Union,EUU,2013,80.47163388,3462.30651270679
Fragile and conflict affected situations,FCS,2013,60.48868034,82.8822675810005
Finland,FIN,2013,80.97560976,4892.03369141
Fiji,FJI,2013,66.545,158.51806641
France,FRA,2013,82.2195122,4884.71582031
"Micronesia, Fed. Sts.",FSM,2013,65.179,354.82269287
Gabon,GAB,2013,65.751,261.29452515
United Kingdom,GBR,2013,81.00487805,4348.28662109
Georgia,GEO,2013,73.025,355.7394104
Ghana,GHA,2013,62.397,105.34784698
Guinea,GIN,2013,57.459,25.90467834
"Gambia, The",GMB,2013,62.252,25.59075928
Guinea-Bissau,GNB,2013,58.879,46.05934143
Equatorial Guinea,GNQ,2013,59.784,267.67111206
Greece,GRC,2013,81.28536585,1832.02966309
Grenada,GRD,2013,75.022,417.74581909
Guatemala,GTM,2013,70.878,198.79296875
Guyana,GUY,2013,66.71,211.2910614
High income,HIC,2013,79.30935361,4448.06854990202
Honduras,HND,2013,70.765,176.421875
Heavily indebted poor countries (HIPC),HPC,2013,60.62822767,47.8020644512147
Croatia,HRV,2013,77.57073171,889.94458008
Haiti,HTI,2013,62.624,59.38277435
Hungary,HUN,2013,75.56585366,990.63116455
IBRD only,IBD,2013,72.46349562,304.781277305136
IDA & IBRD total,IBT,2013,69.8688359,241.729700084359
IDA total,IDA,2013,62.14110877,53.5798803607054
IDA blend,IDB,2013,59.99788733,68.384315402537
Indonesia,IDN,2013,69.064,102.33824921
IDA only,IDX,2013,63.23694167,45.9125508899791
India,IND,2013,68.499,55.46933746
Ireland,IRL,2013,80.94878049,5313.70947266
"Iran, Islamic Rep.",IRN,2013,75.349,398.3994751
Iraq,IRQ,2013,69.047,186.78742981
Iceland,ISL,2013,82.06097561,4095.67626953
Israel,ISR,2013,82.05609756,2673.3371582
Italy,ITA,2013,82.6902439,3149.24267578
Jamaica,JAM,2013,72.435,253.8757782
Jordan,JOR,2013,74.282,308.94308472
Japan,JPN,2013,83.33195122,4356.15527344
Kazakhstan,KAZ,2013,70.719,358.91342163
Kenya,KEN,2013,61.729,67.59809875
Kyrgyz Republic,KGZ,2013,70.20243902,103.59188843
Cambodia,KHM,2013,68.755,71.30926514
Kiribati,KIR,2013,65.898,154.34346008
St. Kitts and Nevis,KNA,2013,71.29,938.31616211
"Korea, Rep.",KOR,2013,81.27073171,1727.56616211
Kuwait,KWT,2013,78.74180488,1235.29321289
Latin America & Caribbean (excluding high income),LAC,2013,74.22145423,738.927923380436
Lao PDR,LAO,2013,65.723,43.49770355
Lebanon,LBN,2013,78.037,576.87176514
Liberia,LBR,2013,59.992,48.22105026
Libya,LBY,2013,72.339,594.65338135
St. Lucia,LCA,2013,72.687,483.6133728
Latin America & Caribbean,LCN,2013,74.38060196,757.947449200775
Least developed countries: UN classification,LDC,2013,62.72335261,41.4136528314108
Low income,LIC,2013,61.09189779,38.0450549502629
Sri Lanka,LKA,2013,75.546,133.15968323
Lower middle income,LMC,2013,66.7052116,70.6076239469415
Low & middle income,LMY,2013,69.74854889,218.850444834319
Lesotho,LSO,2013,49.547,131.54730225
Late-demographic dividend,LTE,2013,75.57905119,454.915102436185
Lithuania,LTU,2013,73.91463415,958.92718506
Luxembourg,LUX,2013,81.8,6356.64453125
Latvia,LVA,2013,73.98292683,807.13000488
Morocco,MAR,2013,72.117,179.81974792
Monaco,MCO,2013,85.056,8455.65527344
Moldova,MDA,2013,70.291,231.66229248
Madagascar,MDG,2013,63.161,19.33186913
Maldives,MDV,2013,77.847,671.65325928
Middle East & North Africa,MEA,2013,72.54378365,397.873366114496
Mexico,MEX,2013,74.289,625.59765625
Marshall Islands,MHL,2013,64.954,445.42425537
Middle income,MIC,2013,70.66429228,236.744350164687
North Macedonia,MKD,2013,75.4,361.13168335
Mali,MLI,2013,57.052,30.09257126
Malta,MLT,2013,81.74634146,2121.08227539
Myanmar,MMR,2013,64.617,37.68575287
Middle East & North Africa (excluding high income),MNA,2013,71.64411175,237.678037052627
Montenegro,MNE,2013,76.4902439,597.17596436
Mongolia,MNG,2013,70.09804878,180.41543579
Mozambique,MOZ,2013,57.189,41.5031395
Mauritania,MRT,2013,65.89,55.47412872
Mauritius,MUS,2013,74.01707317,440.00280762
Malawi,MWI,2013,60.816,39.53992844
Malaysia,MYS,2013,75.464,381.69210815
North America,NAC,2013,79.04169814,8116.77954022992
Namibia,NAM,2013,58.468,484.64331055
Niger,NER,2013,58.364,24.61338997
Nigeria,NGA,2013,51.827,97.29588318
Nicaragua,NIC,2013,72.551,140.20372009
Netherlands,NLD,2013,81.30487805,5532.72607422
Norway,NOR,2013,81.75121951,9241.265625
Nepal,NPL,2013,67.598,35.14327621
Nauru,NRU,2013,60.701,831.84564209
New Zealand,NZL,2013,81.40487805,4012.08374023
OECD members,OED,2013,79.62517731,4371.45809239236
Oman,OMN,2013,78.633,587.71075439
Other small states,OSS,2013,71.71028607,783.437501544016
Pakistan,PAK,2013,65.129,28.20998955
Panama,PAN,2013,77.129,805.78985596
Peru,PER,2013,74.591,320.96490479
Philippines,PHL,2013,69.283,118.87432098
Palau,PLW,2013,68.981,1399.29931641
Papua New Guinea,PNG,2013,63.927,76.75310516
Poland,POL,2013,77.0,878.08837891
Pre-demographic dividend,PRE,2013,58.45036312,67.1405761974286
Portugal,PRT,2013,80.72195122,2030.63012695
Paraguay,PRY,2013,73.292,391.80084229
West Bank and Gaza,PSE,2013,74.14,327.25717163
Pacific island small states,PSS,2013,68.00546256,177.136262747423
Post-demographic dividend,PST,2013,80.27365242,5125.47388183732
Qatar,QAT,2013,80.974,2029.8659668
Romania,ROU,2013,75.06341463,495.23623657
Russian Federation,RUS,2013,70.57878049,805.52130127
Rwanda,RWA,2013,64.651,47.7545433
South Asia,SAS,2013,68.13721244,50.3753996868144
Saudi Arabia,SAU,2013,76.517,1189.67932129
Sudan,SDN,2013,63.443,97.4927597
Senegal,SEN,2013,65.638,60.51578903
Singapore,SGP,2013,82.24634146,2102.97021484
Solomon Islands,SLB,2013,69.007,99.02694702
Sierra Leone,SLE,2013,54.051,84.93772125
El Salvador,SLV,2013,71.225,324.28027344
San Marino,SMR,2013,84.175,4113.46679688
Somalia,SOM,2013,54.016,12.85289001
Serbia,SRB,2013,75.18536585,627.53308105
Sub-Saharan Africa (excluding high income),SSA,2013,58.71662653,92.6161879434232
Sub-Saharan Africa,SSF,2013,58.71796043,92.6680877398405
Small states,SST,2013,71.10708009,672.552090633485
Sao Tome and Principe,STP,2013,64.93,124.59179688
Suriname,SUR,2013,70.11,434.50332642
Slovak Republic,SVK,2013,76.41219512,1370.46765137
Slovenia,SVN,2013,80.32195122,2055.38134766
Sweden,SWE,2013,81.95609756,6696.87255859
Eswatini,SWZ,2013,52.11,303.40438843
Seychelles,SYC,2013,73.1195122,646.56634521
Syrian Arab Republic,SYR,2013,65.146,44.37207794
Chad,TCD,2013,51.051,38.59413528
East Asia & Pacific (IDA & IBRD countries),TEA,2013,74.51900337,263.875016443977
Europe & Central Asia (IDA & IBRD countries),TEC,2013,72.79558077,565.160788828785
Togo,TGO,2013,58.345,39.56414795
Thailand,THA,2013,75.96,207.81243896
Tajikistan,TJK,2013,69.579,67.62356567
Turkmenistan,TKM,2013,68.968,339.92349243
Latin America & the Caribbean (IDA & IBRD countries),TLA,2013,74.27265241,758.326162855289
Timor-Leste,TLS,2013,64.719,102.79840851
Middle East & North Africa (IDA & IBRD countries),TMN,2013,71.61633986,236.68128485345
Tonga,TON,2013,71.65,168.82937622
South Asia (IDA & IBRD),TSA,2013,68.13721244,50.3753996868144
Sub-Saharan Africa (IDA & IBRD countries),TSS,2013,58.71796043,92.6680877398405
Trinidad and Tobago,TTO,2013,72.785,970.90222168
Tunisia,TUN,2013,74.674,284.64538574
Turkiye,TUR,2013,76.171,547.95465088
Tuvalu,TUV,2013,65.171,503.47753906
Tanzania,TZA,2013,62.788,43.46931839
Uganda,UGA,2013,62.353,52.906353
Ukraine,UKR,2013,71.474,275.94143677
Upper middle income,UMC,2013,74.667393,404.843691293978
Uruguay,URY,2013,76.953,1516.80664063
United States,USA,2013,78.74146341,8411.42871094
Uzbekistan,UZB,2013,70.692,140.71011353
St. Vincent and the Grenadines,VCT,2013,70.091,300.01953125
Viet Nam,VNM,2013,73.821,104.10972595
Vanuatu,VUT,2013,69.986,130.88293457
World,WLD,2013,71.53191357,991.513188664095
Samoa,WSM,2013,71.229,247.41108704
"Yemen, Rep.",YEM,2013,67.961,68.39746857
South Africa,ZAF,2013,62.388,593.80157471
Zambia,ZMB,2013,59.445,83.29361725
Zimbabwe,ZWE,2013,56.842,96.86148834
Africa Eastern and Southern,AFE,2014,61.25143602,98.4993287451866
Afghanistan,AFG,2014,62.26,60.04951096
Africa Western and Central,AFW,2014,55.69544634,78.7248305848844
Angola,AGO,2014,60.396,130.5861969
Albania,ALB,2014,78.029,293.1267395
Andorra,AND,2014,84.485,3001.19604492
Arab World,ARB,2014,70.53506663,325.296969488424
United Arab Emirates,ARE,2014,81.99,1776.7310791
Argentina,ARG,2014,76.268,1274.66125488
Armenia,ARM,2014,74.87317073,404.33874512
Antigua and Barbuda,ATG,2014,76.912,826.75598145
Australia,AUS,2014,82.3,6098.25439453
Austria,AUT,2014,81.4902439,5393.60205078
Azerbaijan,AZE,2014,71.93,280.22314453
Burundi,BDI,2014,59.764,18.06601143
Belgium,BEL,2014,81.28780488,5079.82519531
Benin,BEN,2014,59.008,32.41182327
Burkina Faso,BFA,2014,58.331,38.24516678
Bangladesh,BGD,2014,70.016,29.91152382
Bulgaria,BGR,2014,74.46585366,605.25891113
Bahrain,BHR,2014,80.214,1122.16040039
"Bahamas, The",BHS,2014,74.029,1619.43212891
Bosnia and Herzegovina,BIH,2014,77.089,493.07333374
Belarus,BLR,2014,72.97073171,448.27426147
Belize,BLZ,2014,71.437,298.22598267
Bolivia,BOL,2014,66.97,179.3274231
Brazil,BRA,2014,74.823,1030.66271973
Barbados,BRB,2014,75.926,1175.44348145
Brunei Darussalam,BRN,2014,74.862,785.41210938
Bhutan,BTN,2014,70.504,87.19132233
Botswana,BWA,2014,62.167,418.82452393
Central African Republic,CAF,2014,40.265,18.7120266
Canada,CAN,2014,81.78439024,5212.00878906
Central Europe and the Baltics,CEB,2014,76.68534246,931.156533316779
Switzerland,CHE,2014,83.19756098,9550.45507813
Chile,CHL,2014,79.714,1138.66113281
China,CHN,2014,76.714,362.28695679
Cote d'Ivoire,CIV,2014,57.772,74.3581543
Cameroon,CMR,2014,59.13,71.61038208
"Congo, Dem. Rep.",COD,2014,58.236,18.22281265
"Congo, Rep.",COG,2014,63.349,71.03118896
Colombia,COL,2014,75.95,588.29449463
Comoros,COM,2014,64.143,84.63935852
Cabo Verde,CPV,2014,73.788,193.39482117
Costa Rica,CRI,2014,80.231,836.23120117
Caribbean small states,CSS,2014,71.25978263,601.672350591303
Cuba,CUB,2014,77.825,867.69702148
Cyprus,CYP,2014,81.337,1873.89135742
Czechia,CZE,2014,78.82439024,1512.59326172
Germany,DEU,2014,81.0902439,5309.15478516
Djibouti,DJI,2014,62.427,65.53726196
Dominica,DMA,2014,71.189,389.05343628
Denmark,DNK,2014,80.7,6466.89794922
Dominican Republic,DOM,2014,73.145,312.44223022
Algeria,DZA,2014,74.992,366.58670044
East Asia & Pacific (excluding high income),EAP,2014,74.71945281,287.399946858888
Early-demographic dividend,EAR,2014,69.32497588,164.888235767209
East Asia & Pacific,EAS,2014,75.56442704,617.542712754513
Europe & Central Asia (excluding high income),ECA,2014,73.42172516,345.50341815975
Europe & Central Asia,ECS,2014,77.35620315,2425.20542449904
Ecuador,ECU,2014,76.141,433.41845703
"Egypt, Arab Rep.",EGY,2014,69.911,155.06480408
Euro area,EMU,2014,81.89507294,4066.58442182247
Eritrea,ERI,2014,65.517,32.93447495
Spain,ESP,2014,83.22926829,2680.02954102
Estonia,EST,2014,77.03414634,1287.76123047
Ethiopia,ETH,2014,62.927,21.6064415
European Union,EUU,2014,80.87612499,3537.28351170175
Fragile and conflict affected situations,FCS,2014,60.58613194,81.2300327222424
Finland,FIN,2014,81.1804878,4922.4296875
Fiji,FJI,2014,66.581,178.31169128
France,FRA,2014,82.7195122,4974.74658203
"Micronesia, Fed. Sts.",FSM,2014,65.294,345.01589966
Gabon,GAB,2014,66.07,233.05368042
United Kingdom,GBR,2014,81.30487805,4716.30224609
Georgia,GEO,2014,73.105,367.32040405
Ghana,GHA,2014,62.832,78.46701813
Guinea,GIN,2014,57.581,36.63517761
"Gambia, The",GMB,2014,62.576,17.33743477
Guinea-Bissau,GNB,2014,59.476,64.99989319
Equatorial Guinea,GNQ,2014,60.228,272.72619629
Greece,GRC,2014,81.38536585,1700.49438477
Grenada,GRD,2014,75.045,381.22598267
Guatemala,GTM,2014,70.942,217.23764038
Guyana,GUY,2014,67.334,216.03759766
High income,HIC,2014,79.56413935,4567.6261505938
Honduras,HND,2014,71.032,172.52818298
Heavily indebted poor countries (HIPC),HPC,2014,61.0402808,48.5297666415473
Croatia,HRV,2014,77.72439024,909.37164307
Haiti,HTI,2014,62.969,65.10858917
Hungary,HUN,2014,75.76341463,1006.15649414
IBRD only,IBD,2014,72.7511508,311.420667499192
IDA & IBRD total,IBT,2014,70.12069727,246.785770274721
IDA total,IDA,2014,62.36685038,55.9195328499317
IDA blend,IDB,2014,60.2073256,72.2046003797769
Indonesia,IDN,2014,69.292,102.00482178
IDA only,IDX,2014,63.47052444,47.4908996118206
India,IND,2014,68.932,56.3490181
Ireland,IRL,2014,81.34878049,5316.26953125
"Iran, Islamic Rep.",IRN,2014,75.635,368.1918335
Iraq,IRQ,2014,69.679,178.98071289
Iceland,ISL,2014,82.86097561,4522.90576172
Israel,ISR,2014,82.15365854,2804.23144531
Italy,ITA,2014,83.0902439,3154.27587891
Jamaica,JAM,2014,72.357,256.99667358
Jordan,JOR,2014,74.606,302.14120483
Japan,JPN,2014,83.58780488,4121.21142578
Kazakhstan,KAZ,2014,71.415,369.68508911
Kenya,KEN,2014,61.99,72.84589386
Kyrgyz Republic,KGZ,2014,70.40243902,93.15830994
Cambodia,KHM,2014,69.117,72.69956207
Kiribati,KIR,2014,65.869,155.38656616
St. Kitts and Nevis,KNA,2014,71.228,961.73028564
"Korea, Rep.",KOR,2014,81.72195122,1909.91503906
Kuwait,KWT,2014,79.08034146,1293.8326416
Latin America & Caribbean (excluding high income),LAC,2014,74.42775182,744.648878780821
Lao PDR,LAO,2014,66.35,45.53330612
Lebanon,LBN,2014,78.148,569.97937012
Liberia,LBR,2014,59.21,59.32390976
Libya,LBY,2014,71.3,462.19216919
St. Lucia,LCA,2014,72.676,464.51150513
Latin America & Caribbean,LCN,2014,74.56038661,763.09537379101
Least developed countries: UN classification,LDC,2014,62.9592573,43.3844475371245
Low income,LIC,2014,61.20356346,39.6838508866186
Sri Lanka,LKA,2014,75.757,132.82194519
Lower middle income,LMC,2014,67.0475778,72.8477822947569
Low & middle income,LMY,2014,70.00595776,226.017271030371
Lesotho,LSO,2014,50.786,121.34915924
Late-demographic dividend,LTE,2014,75.82400807,477.242955301195
Lithuania,LTU,2014,74.51707317,1021.23297119
Luxembourg,LUX,2014,82.22926829,6547.03466797
Latvia,LVA,2014,74.12439024,856.76654053
Morocco,MAR,2014,72.522,188.6415863
Monaco,MCO,2014,85.093,8678.04394531
Moldova,MDA,2014,70.241,230.76982117
Madagascar,MDG,2014,63.261,22.56570244
Maldives,MDV,2014,78.187,707.39245605
Middle East & North Africa,MEA,2014,72.85506427,415.989446015846
Mexico,MEX,2014,74.404,609.82232666
Marshall Islands,MHL,2014,65.11,449.90563965
Middle income,MIC,2014,70.94858084,244.710058715878
North Macedonia,MKD,2014,75.45121951,357.63867188
Mali,MLI,2014,57.482,35.7261734
Malta,MLT,2014,82.04634146,2456.43481445
Myanmar,MMR,2014,64.994,54.28113556
Middle East & North Africa (excluding high income),MNA,2014,71.92734478,236.809174098496
Montenegro,MNE,2014,76.33902439,581.40106201
Mongolia,MNG,2014,70.58317073,176.69651794
Mozambique,MOZ,2014,57.965,43.50259018
Mauritania,MRT,2014,66.207,59.29050827
Mauritius,MUS,2014,74.19439024,544.44122314
Malawi,MWI,2014,61.651,35.337677
Malaysia,MYS,2014,75.345,414.4392395
North America,NAC,2014,79.13637963,8437.23820986879
Namibia,NAM,2014,59.311,452.2585144
Niger,NER,2014,58.693,25.09494019
Nigeria,NGA,2014,51.94,102.39888763
Nicaragua,NIC,2014,72.792,156.22232056
Netherlands,NLD,2014,81.70731707,5601.88574219
Norway,NOR,2014,82.1,9116.37792969
Nepal,NPL,2014,67.812,41.9739151
Nauru,NRU,2014,60.834,760.04394531
New Zealand,NZL,2014,81.45682927,4184.59765625
OECD members,OED,2014,79.87841912,4486.11525076664
Oman,OMN,2014,79.03,726.64660645
Other small states,OSS,2014,72.02836366,819.207478981149
Pakistan,PAK,2014,65.374,32.11787415
Panama,PAN,2014,77.365,919.2946167
Peru,PER,2014,75.26,332.18841553
Philippines,PHL,2014,69.311,106.16293335
Palau,PLW,2014,69.062,1481.35656738
Papua New Guinea,PNG,2014,64.198,89.08061218
Poland,POL,2014,77.60243902,911.29815674
Pre-demographic dividend,PRE,2014,58.60865882,68.7022373340943
Portugal,PRT,2014,81.12195122,2059.92651367
Paraguay,PRY,2014,73.415,440.85821533
West Bank and Gaza,PSE,2014,72.781,314.27474976
Pacific island small states,PSS,2014,68.03761321,185.035020890264
Post-demographic dividend,PST,2014,80.54057629,5275.38493752227
Qatar,QAT,2014,81.395,2252.4140625
Romania,ROU,2014,74.9097561,503.34753418
Russian Federation,RUS,2014,70.74365854,736.32177734
Rwanda,RWA,2014,65.088,50.63998795
South Asia,SAS,2014,68.53915635,51.9550591761053
Saudi Arabia,SAU,2014,77.116,1363.59155273
Sudan,SDN,2014,63.99,88.78570557
Senegal,SEN,2014,66.001,61.40605545
Singapore,SGP,2014,82.49512195,2233.34960938
Solomon Islands,SLB,2014,68.984,105.87472534
Sierra Leone,SLE,2014,54.281,143.60603333
El Salvador,SLV,2014,71.144,315.23168945
San Marino,SMR,2014,84.394,4120.02685547
Somalia,SOM,2014,54.442,13.11646461
Serbia,SRB,2014,75.33658537,608.85858154
Sub-Saharan Africa (excluding high income),SSA,2014,58.98426832,90.2928953192568
Sub-Saharan Africa,SSF,2014,58.98557239,90.3429978303359
Small states,SST,2014,71.3769243,700.32091748381
Sao Tome and Principe,STP,2014,65.478,118.70980835
Suriname,SUR,2014,70.33,440.95263672
Slovak Republic,SVK,2014,76.81219512,1289.34851074
Slovenia,SVN,2014,81.07804878,2062.38476563
Sweden,SWE,2014,82.25365854,6605.91162109
Eswatini,SWZ,2014,53.491,282.43395996
Seychelles,SYC,2014,73.22926829,631.42675781
Syrian Arab Republic,SYR,2014,65.492,46.44654465
Chad,TCD,2014,51.141,42.16276169
East Asia & Pacific (IDA & IBRD countries),TEA,2014,74.7479822,287.41296352947
Europe & Central Asia (IDA & IBRD countries),TEC,2014,73.04068423,535.031445322873
Togo,TGO,2014,58.766,41.96416092
Thailand,THA,2014,76.279,213.74395752
Tajikistan,TJK,2014,69.697,73.06859589
Turkmenistan,TKM,2014,69.001,393.86843872
Latin America & the Caribbean (IDA & IBRD countries),TLA,2014,74.46420315,760.434879683733
Timor-Leste,TLS,2014,65.027,93.10574341
Middle East & North Africa (IDA & IBRD countries),TMN,2014,71.91780199,235.943206582239
Tonga,TON,2014,71.721,207.05262756
South Asia (IDA & IBRD),TSA,2014,68.53915635,51.9550591761053
Sub-Saharan Africa (IDA & IBRD countries),TSS,2014,58.98557239,90.3429978303359
Trinidad and Tobago,TTO,2014,72.898,1010.82769775
Tunisia,TUN,2014,74.784,287.60955811
Turkiye,TUR,2014,76.452,520.40753174
Tuvalu,TUV,2014,65.278,527.12036133
Tanzania,TZA,2014,63.364,39.85456848
Uganda,UGA,2014,63.057,50.957798
Ukraine,UKR,2014,71.803,208.94400024
Upper middle income,UMC,2014,74.92157368,419.862735685099
Uruguay,URY,2014,77.194,1495.59777832
United States,USA,2014,78.84146341,8796.18261719
Uzbekistan,UZB,2014,70.973,118.44307709
St. Vincent and the Grenadines,VCT,2014,70.355,299.33129883
Viet Nam,VNM,2014,73.886,119.44549561
Vanuatu,VUT,2014,70.043,108.22322083
World,WLD,2014,71.77545102,1014.13456857414
Samoa,WSM,2014,71.142,248.20323181
"Yemen, Rep.",YEM,2014,68.003,69.24575806
South Africa,ZAF,2014,63.184,539.30780029
Zambia,ZMB,2014,60.109,65.39261627
Zimbabwe,ZWE,2014,58.106,111.61201477
Africa Eastern and Southern,AFE,2015,61.71303052,90.8005708722338
Afghanistan,AFG,2015,62.27,59.91960526
Africa Western and Central,AFW,2015,56.03833565,70.6699139211465
Angola,AGO,2015,61.042,107.52857208
Albania,ALB,2015,78.358,253.93347168
Andorra,AND,2015,84.532,2672.26464844
Arab World,ARB,2015,70.65801237,310.197661494352
United Arab Emirates,ARE,2015,82.076,1479.49743652
Argentina,ARG,2015,76.6,1517.33789063
Armenia,ARM,2015,74.87073171,365.51950073
Antigua and Barbuda,ATG,2015,76.892,789.30975342
Australia,AUS,2015,82.4,5294.57226563
Austria,AUT,2015,81.1902439,4612.82373047
Azerbaijan,AZE,2015,72.349,236.25979614
Burundi,BDI,2015,60.107,17.67567825
Belgium,BEL,2015,80.99268293,4442.13037109
Benin,BEN,2015,59.123,27.34733391
Burkina Faso,BFA,2015,58.778,32.3375206
Bangladesh,BGD,2015,70.543,33.20998764
Bulgaria,BGR,2015,74.61463415,521.41906738
Bahrain,BHR,2015,80.338,1128.24291992
"Bahamas, The",BHS,2015,73.805,1588.58288574
Bosnia and Herzegovina,BIH,2015,77.073,430.83413696
Belarus,BLR,2015,73.62439024,360.91937256
Belize,BLZ,2015,71.647,287.53118896
Bolivia,BOL,2015,67.205,196.25799561
Brazil,BRA,2015,75.106,796.15252686
Barbados,BRB,2015,76.055,1154.62719727
Brunei Darussalam,BRN,2015,74.88,731.04980469
Bhutan,BTN,2015,70.797,96.86671448
Botswana,BWA,2015,63.215,374.79058838
Central African Republic,CAF,2015,51.934,18.44194221
Canada,CAN,2015,81.82585366,4660.79833984
Central Europe and the Baltics,CEB,2015,76.57152402,815.133472644492
Switzerland,CHE,2015,82.89756098,9272.515625
Chile,CHL,2015,80.008,1122.13378906
China,CHN,2015,76.975,393.09768677
Cote d'Ivoire,CIV,2015,58.281,58.43181992
Cameroon,CMR,2015,59.687,58.38298035
"Congo, Dem. Rep.",COD,2015,58.658,18.57252884
"Congo, Rep.",COG,2015,63.662,57.30290604
Colombia,COL,2015,76.067,470.099823
Comoros,COM,2015,64.473,61.16300201
Cabo Verde,CPV,2015,74.096,150.28823853
Costa Rica,CRI,2015,80.407,889.3762207
Caribbean small states,CSS,2015,71.40068102,612.056639952847
Cuba,CUB,2015,77.745,991.08496094
Cyprus,CYP,2015,81.464,1596.2052002
Czechia,CZE,2015,78.57804878,1308.8013916
Germany,DEU,2015,80.64146341,4627.27587891
Djibouti,DJI,2015,62.833,79.54257965
Dominica,DMA,2015,69.968,396.23742676
Denmark,DNK,2015,80.70243902,5531.87890625
Dominican Republic,DOM,2015,72.982,322.04864502
Algeria,DZA,2015,75.159,296.76824951
East Asia & Pacific (excluding high income),EAP,2015,74.95112438,307.281247548244
Early-demographic dividend,EAR,2015,69.63054844,163.683643698932
East Asia & Pacific,EAS,2015,75.79260102,604.418249291077
Europe & Central Asia (excluding high income),ECA,2015,73.75824129,293.383058530407
Europe & Central Asia,ECS,2015,77.33362121,2098.13520459274
Ecuador,ECU,2015,76.222,464.22186279
"Egypt, Arab Rep.",EGY,2015,70.135,170.25532532
Euro area,EMU,2015,81.52110919,3496.23134933022
Eritrea,ERI,2015,65.909,29.22208977
Spain,ESP,2015,82.83170732,2349.54663086
Estonia,EST,2015,77.5902439,1156.20275879
Ethiopia,ETH,2015,63.592,23.21817207
European Union,EUU,2015,80.57021864,3044.355739988
Fragile and conflict affected situations,FCS,2015,60.77560176,73.0712906749764
Finland,FIN,2015,81.4804878,4128.20751953
Fiji,FJI,2015,66.48,169.47518921
France,FRA,2015,82.32195122,4198.72900391
"Micronesia, Fed. Sts.",FSM,2015,65.306,362.27624512
Gabon,GAB,2015,66.336,187.27270508
United Kingdom,GBR,2015,80.95609756,4440.73828125
Georgia,GEO,2015,73.241,292.76348877
Ghana,GHA,2015,63.175,78.21643066
Guinea,GIN,2015,57.899,43.41540527
"Gambia, The",GMB,2015,62.971,19.67725563
Guinea-Bissau,GNB,2015,60.071,52.45866776
Equatorial Guinea,GNQ,2015,60.635,212.26531982
Greece,GRC,2015,81.03658537,1481.41967773
Grenada,GRD,2015,75.037,404.00680542
Guatemala,GTM,2015,70.915,233.8447876
Guyana,GUY,2015,67.719,226.89404297
High income,HIC,2015,79.52224736,4382.28597730034
Honduras,HND,2015,71.323,169.97198486
Heavily indebted poor countries (HIPC),HPC,2015,61.56179394,46.1269289772158
Croatia,HRV,2015,77.27560976,795.50836182
Haiti,HTI,2015,63.224,68.50547791
Hungary,HUN,2015,75.56829268,870.51940918
IBRD only,IBD,2015,73.03308276,296.770435742484
IDA & IBRD total,IBT,2015,70.37202759,234.887782587659
IDA total,IDA,2015,62.61354985,54.191744823082
IDA blend,IDB,2015,60.38828527,68.736459494127
Indonesia,IDN,2015,69.52,96.15701294
IDA only,IDX,2015,63.74899083,46.6790972253739
India,IND,2015,69.326,58.12401581
Ireland,IRL,2015,81.45365854,4575.94482422
"Iran, Islamic Rep.",IRN,2015,75.907,380.40643311
Iraq,IRQ,2015,69.977,149.07951355
Iceland,ISL,2015,82.46829268,4303.84179688
Israel,ISR,2015,82.05121951,2645.78857422
Italy,ITA,2015,82.54390244,2675.67163086
Jamaica,JAM,2015,72.214,284.7729187
Jordan,JOR,2015,75.06,301.63067627
Japan,JPN,2015,83.79390244,3754.18115234
Kazakhstan,KAZ,2015,72.024,310.01428223
Kenya,KEN,2015,62.279,70.94755554
Kyrgyz Republic,KGZ,2015,70.65121951,79.54891205
Cambodia,KHM,2015,69.398,71.56456757
Kiribati,KIR,2015,65.831,118.3345871
St. Kitts and Nevis,KNA,2015,71.211,1041.82250977
"Korea, Rep.",KOR,2015,82.02439024,1933.61779785
Kuwait,KWT,2015,79.37656098,1259.55786133
Latin America & Caribbean (excluding high income),LAC,2015,74.6061126,659.434864852512
Lao PDR,LAO,2015,66.688,52.04236603
Lebanon,LBN,2015,78.275,572.07220459
Liberia,LBR,2015,59.248,69.40925598
Libya,LBY,2015,71.644,433.06808472
St. Lucia,LCA,2015,72.932,466.48291016
Latin America & Caribbean,LCN,2015,74.74262829,681.597120952927
Least developed countries: UN classification,LDC,2015,63.30490026,42.3472030533007
Low income,LIC,2015,61.44814918,37.6046514930604
Sri Lanka,LKA,2015,75.99,144.29077148
Lower middle income,LMC,2015,67.35733701,73.411737764276
Low & middle income,LMY,2015,70.25937255,220.95410364483
Lesotho,LSO,2015,51.83,105.09508514
Late-demographic dividend,LTE,2015,76.07625711,449.361629544712
Lithuania,LTU,2015,74.32195122,920.19976807
Luxembourg,LUX,2015,82.29268293,5421.93212891
Latvia,LVA,2015,74.4804878,775.86431885
Morocco,MAR,2015,72.894,162.85198975
Monaco,MCO,2015,85.323,7348.51708984
Moldova,MDA,2015,70.118,186.43643188
Madagascar,MDG,2015,63.362,22.29386139
Maldives,MDV,2015,78.607,837.47290039
Middle East & North Africa,MEA,2015,72.96449862,400.85627656197
Mexico,MEX,2015,74.431,553.91259766
Marshall Islands,MHL,2015,65.292,557.35211182
Middle income,MIC,2015,71.21538299,239.621175169212
North Macedonia,MKD,2015,75.40243902,322.25213623
Mali,MLI,2015,57.852,28.97842216
Malta,MLT,2015,81.89756098,2243.46704102
Myanmar,MMR,2015,65.288,63.62335968
Middle East & North Africa (excluding high income),MNA,2015,71.96728862,227.900678615136
Montenegro,MNE,2015,76.60243902,582.18743896
Mongolia,MNG,2015,70.8102439,165.19296265
Mozambique,MOZ,2015,58.711,40.35658646
Mauritania,MRT,2015,66.498,57.1233139
Mauritius,MUS,2015,74.35317073,515.72247314
Malawi,MWI,2015,62.324,34.97310638
Malaysia,MYS,2015,75.288,368.77331543
North America,NAC,2015,79.00457142,8746.08627068247
Namibia,NAM,2015,60.008,476.50942993
Niger,NER,2015,58.85,25.96905327
Nigeria,NGA,2015,51.939,92.91207123
Nicaragua,NIC,2015,72.899,165.18948364
Netherlands,NLD,2015,81.5097561,4676.56201172
Norway,NOR,2015,82.30487805,7566.56152344
Nepal,NPL,2015,67.374,46.49585342
Nauru,NRU,2015,60.897,979.76556396
New Zealand,NZL,2015,81.61243902,3582.66357422
OECD members,OED,2015,79.76382098,4317.90261428076
Oman,OMN,2015,79.346,767.04455566
Other small states,OSS,2015,72.40653586,762.860246481573
Pakistan,PAK,2015,65.641,33.99359894
Panama,PAN,2015,77.583,982.06530762
Peru,PER,2015,75.732,310.60983276
Philippines,PHL,2015,69.45,113.4342804
Palau,PLW,2015,69.07,1554.91186523
Papua New Guinea,PNG,2015,64.473,45.18995285
Poland,POL,2015,77.45121951,803.95965576
Pre-demographic dividend,PRE,2015,58.9362665,61.8463709042306
Portugal,PRT,2015,81.12439024,1790.53405762
Paraguay,PRY,2015,73.454,393.42440796
West Bank and Gaza,PSE,2015,74.577,286.91394043
Pacific island small states,PSS,2015,68.1166096,178.434674421376
Post-demographic dividend,PST,2015,80.44164425,5101.83136660871
Qatar,QAT,2015,81.785,2422.64453125
Romania,ROU,2015,74.91219512,442.24038696
Russian Federation,RUS,2015,71.18341463,496.9503479
Rwanda,RWA,2015,65.419,48.81341934
South Asia,SAS,2015,68.90387416,54.0380642893885
Saudi Arabia,SAU,2015,77.776,1309.27148438
Sudan,SDN,2015,64.375,93.69758606
Senegal,SEN,2015,66.451,53.32304382
Singapore,SGP,2015,82.74390244,2330.39599609
Solomon Islands,SLB,2015,69.323,90.99643707
Sierra Leone,SLE,2015,55.454,118.66024017
El Salvador,SLV,2015,70.952,331.96725464
San Marino,SMR,2015,84.596,3530.04614258
Somalia,SOM,2015,55.056,14.08594513
Serbia,SRB,2015,75.28780488,491.25177002
Sub-Saharan Africa (excluding high income),SSA,2015,59.39736401,82.4553419325974
Sub-Saharan Africa,SSF,2015,59.39872147,82.5007713177299
Small states,SST,2015,71.67821981,661.433231060133
Sao Tome and Principe,STP,2015,66.023,85.37828827
Suriname,SUR,2015,70.567,511.91244507
Slovak Republic,SVK,2015,76.56341463,1108.87817383
Slovenia,SVN,2015,80.77560976,1775.86071777
Sweden,SWE,2015,82.20487805,5598.68164063
Eswatini,SWZ,2015,54.941,250.71520996
Seychelles,SYC,2015,74.29512195,575.63037109
Syrian Arab Republic,SYR,2015,63.265,36.14657974
Chad,TCD,2015,51.32,33.82092285
East Asia & Pacific (IDA & IBRD countries),TEA,2015,74.97777684,307.295794077259
Europe & Central Asia (IDA & IBRD countries),TEC,2015,73.34299019,416.135247745098
Togo,TGO,2015,59.22,46.69767761
Thailand,THA,2015,76.563,219.15092468
Tajikistan,TJK,2015,69.665,62.75804901
Turkmenistan,TKM,2015,69.061,362.72949219
Latin America & the Caribbean (IDA & IBRD countries),TLA,2015,74.65059041,674.891653760169
Timor-Leste,TLS,2015,65.326,101.4779892
Middle East & North Africa (IDA & IBRD countries),TMN,2015,71.93795998,227.237471718832
Tonga,TON,2015,71.851,177.37759399
South Asia (IDA & IBRD),TSA,2015,68.90387416,54.0380642893885
Sub-Saharan Africa (IDA & IBRD countries),TSS,2015,59.39872147,82.5007713177299
Trinidad and Tobago,TTO,2015,72.882,1061.58666992
Tunisia,TUN,2015,74.875,249.46418762
Turkiye,TUR,2015,76.539,444.70803833
Tuvalu,TUV,2015,65.365,449.56771851
Tanzania,TZA,2015,63.928,33.27184296
Uganda,UGA,2015,63.831,40.09843445
Ukraine,UKR,2015,72.686,154.75454712
Upper middle income,UMC,2015,75.17197082,410.189118321342
Uruguay,URY,2015,77.285,1424.8939209
United States,USA,2015,78.6902439,9200.85839844
Uzbekistan,UZB,2015,71.33,132.60565186
St. Vincent and the Grenadines,VCT,2015,70.463,302.58422852
Viet Nam,VNM,2015,73.955,121.43981171
Vanuatu,VUT,2015,70.163,118.69898987
World,WLD,2015,71.96457714,972.068602323868
Samoa,WSM,2015,71.06,240.28297424
"Yemen, Rep.",YEM,2015,66.761,57.9312973
South Africa,ZAF,2015,64.053,491.90652466
Zambia,ZMB,2015,60.728,57.38765335
Zimbabwe,ZWE,2015,58.989,103.31652832
Africa Eastern and Southern,AFE,2016,62.16798132,85.8992173772415
Afghanistan,AFG,2016,62.646,61.37234497
Africa Western and Central,AFW,2016,56.39245185,61.4480888061839
Angola,AGO,2016,61.619,94.01481628
Albania,ALB,2016,78.643,275.43676758
Andorra,AND,2016,84.489,2769.15283203
Arab World,ARB,2016,70.89648812,309.739806626305
United Arab Emirates,ARE,2016,82.195,1592.91906738
Argentina,ARG,2016,76.105,1251.65612793
Armenia,ARM,2016,74.86829268,359.58227539
Antigua and Barbuda,ATG,2016,76.968,817.88891602
Australia,AUS,2016,82.44878049,5423.82666016
Austria,AUT,2016,81.64146341,4709.87597656
Azerbaijan,AZE,2016,72.568,169.69596863
Burundi,BDI,2016,60.789,18.59472847
Belgium,BEL,2016,81.43902439,4542.66162109
Benin,BEN,2016,59.283,28.24943924
Burkina Faso,BFA,2016,59.173,39.52329254
Bangladesh,BGD,2016,71.075,39.30647659
Bulgaria,BGR,2016,74.81219512,562.34082031
Bahrain,BHR,2016,80.407,1095.92541504
"Bahamas, The",BHS,2016,74.042,1729.71435547
Bosnia and Herzegovina,BIH,2016,77.124,450.44155884
Belarus,BLR,2016,73.82682927,296.94720459
Belize,BLZ,2016,71.843,293.82302856
Bolivia,BOL,2016,67.392,207.4511261
Brazil,BRA,2016,75.081,810.20037842
Barbados,BRB,2016,76.168,1181.14257813
Brunei Darussalam,BRN,2016,74.905,679.46929932
Bhutan,BTN,2016,71.119,97.42939758
Botswana,BWA,2016,64.32,389.3107605
Central African Republic,CAF,2016,50.999,21.07796097
Canada,CAN,2016,81.94,4649.12109375
Central Europe and the Baltics,CEB,2016,76.96513152,851.824454182442
Switzerland,CHE,2016,83.60243902,9276.50292969
Chile,CHL,2016,80.295,1167.89306641
China,CHN,2016,77.214,398.17489624
Cote d'Ivoire,CIV,2016,58.814,61.85705566
Cameroon,CMR,2016,60.293,57.99372482
"Congo, Dem. Rep.",COD,2016,59.081,19.3114109
"Congo, Rep.",COG,2016,63.911,54.3000145
Colombia,COL,2016,76.228,448.84588623
Comoros,COM,2016,64.792,63.53099442
Cabo Verde,CPV,2016,74.35,157.39906311
Costa Rica,CRI,2016,79.988,884.73028564
Caribbean small states,CSS,2016,71.65129912,605.479218889271
Cuba,CUB,2016,77.571,990.92346191
Cyprus,CYP,2016,81.534,1649.41247559
Czechia,CZE,2016,79.02682927,1374.9005127
Germany,DEU,2016,80.9902439,4746.77539063
Djibouti,DJI,2016,63.335,68.82740021
Dominica,DMA,2016,71.189,424.15756226
Denmark,DNK,2016,80.85365854,5624.32861328
Dominican Republic,DOM,2016,72.889,328.36526489
Algeria,DZA,2016,75.31,265.53439331
East Asia & Pacific (excluding high income),EAP,2016,75.15591177,312.578671837952
Early-demographic dividend,EAR,2016,69.94848371,160.689211582871
East Asia & Pacific,EAS,2016,75.98701667,636.821085275246
Europe & Central Asia (excluding high income),ECA,2016,74.03489586,288.227744886181
Europe & Central Asia,ECS,2016,77.68399064,2090.08764162467
Ecuador,ECU,2016,76.094,449.03869629
"Egypt, Arab Rep.",EGY,2016,70.437,142.61845398
Euro area,EMU,2016,81.90987838,3563.27607351689
Eritrea,ERI,2016,66.242,26.00592422
Spain,ESP,2016,83.32926829,2377.04956055
Estonia,EST,2016,77.64146341,1226.0859375
Ethiopia,ETH,2016,64.162,24.34373283
European Union,EUU,2016,80.95215595,3107.98444950464
Fragile and conflict affected situations,FCS,2016,61.01688416,70.7440803744286
Finland,FIN,2016,81.42926829,4108.73974609
Fiji,FJI,2016,66.657,175.91635132
France,FRA,2016,82.57317073,4264.14599609
"Micronesia, Fed. Sts.",FSM,2016,65.576,399.74655151
Gabon,GAB,2016,66.583,207.50273132
United Kingdom,GBR,2016,81.15609756,4016.63916016
Georgia,GEO,2016,73.136,319.31008911
Ghana,GHA,2016,63.522,64.86400604
Guinea,GIN,2016,58.49,38.46130753
"Gambia, The",GMB,2016,63.386,20.77086067
Guinea-Bissau,GNB,2016,60.619,56.60805511
Equatorial Guinea,GNQ,2016,61.081,213.11793518
Greece,GRC,2016,81.38780488,1513.25915527
Grenada,GRD,2016,75.01,409.27841187
Guatemala,GTM,2016,71.215,246.4538269
Guyana,GUY,2016,68.069,235.91662598
High income,HIC,2016,79.72494224,4512.27246674652
Honduras,HND,2016,71.615,177.8835144
Heavily indebted poor countries (HIPC),HPC,2016,62.00380837,45.4112495926008
Croatia,HRV,2016,77.92195122,840.90124512
Haiti,HTI,2016,63.325,60.06819153
Hungary,HUN,2016,76.06341463,914.1932373
IBRD only,IBD,2016,73.25951843,295.039904288847
IDA & IBRD total,IBT,2016,70.61442575,232.546480022866
IDA total,IDA,2016,62.99195084,52.2426106087509
IDA blend,IDB,2016,60.659062,63.6861918711279
Indonesia,IDN,2016,69.733,106.40021515
IDA only,IDX,2016,64.17862454,46.3532243582402
India,IND,2016,69.709,59.72652817
Ireland,IRL,2016,81.65365854,4726.31298828
"Iran, Islamic Rep.",IRN,2016,76.155,444.43972778
Iraq,IRQ,2016,68.683,199.88551331
Iceland,ISL,2016,82.20487805,5053.51757813
Israel,ISR,2016,82.40731707,2783.82495117
Italy,ITA,2016,83.24390244,2699.73291016
Jamaica,JAM,2016,72.052,285.60949707
Jordan,JOR,2016,75.55,278.13378906
Japan,JPN,2016,83.98487805,4194.22802734
Kazakhstan,KAZ,2016,72.549,255.84049988
Kenya,KEN,2016,62.526,73.88768005
Kyrgyz Republic,KGZ,2016,70.95121951,71.52179718
Cambodia,KHM,2016,69.635,75.22520447
Kiribati,KIR,2016,65.799,157.72897339
St. Kitts and Nevis,KNA,2016,71.227,1161.87097168
"Korea, Rep.",KOR,2016,82.27560976,2015.13208008
Kuwait,KWT,2016,79.67758537,1292.71984863
Latin America & Caribbean (excluding high income),LAC,2016,74.57796584,627.586594714305
Lao PDR,LAO,2016,67.014,54.3762207
Lebanon,LBN,2016,78.306,640.96563721
Liberia,LBR,2016,60.483,67.68016052
Libya,LBY,2016,71.799,464.47531128
St. Lucia,LCA,2016,72.552,472.43051147
Latin America & Caribbean,LCN,2016,74.67681449,653.625632502314
Least developed countries: UN classification,LDC,2016,63.72372707,42.0282931089015
Low income,LIC,2016,61.88629749,35.9831434989537
Sri Lanka,LKA,2016,76.136,145.32496643
Lower middle income,LMC,2016,67.68662776,72.9384491091681
Low & middle income,LMY,2016,70.50142309,218.986691605782
Lesotho,LSO,2016,52.908,91.45993805
Late-demographic dividend,LTE,2016,76.29294315,453.194224420214
Lithuania,LTU,2016,74.67073171,988.5279541
Luxembourg,LUX,2016,82.68536585,5475.13964844
Latvia,LVA,2016,74.5804878,874.79772949
Morocco,MAR,2016,73.228,162.21507263
Monaco,MCO,2016,85.63,7149.51806641
Moldova,MDA,2016,70.179,171.18476868
Madagascar,MDG,2016,63.431,24.20793915
Maldives,MDV,2016,78.913,1017.99908447
Middle East & North Africa,MEA,2016,73.2101124,415.804826900277
Mexico,MEX,2016,74.376,489.92230225
Marshall Islands,MHL,2016,65.477,619.35668945
Middle income,MIC,2016,71.44995458,237.930814415015
North Macedonia,MKD,2016,75.4,347.44271851
Mali,MLI,2016,58.286,27.58086205
Malta,MLT,2016,82.45365854,2321.15332031
Myanmar,MMR,2016,65.64,59.67910385
Middle East & North Africa (excluding high income),MNA,2016,72.16517626,235.412821279352
Montenegro,MNE,2016,76.54146341,604.88665771
Mongolia,MNG,2016,70.22390244,168.41404724
Mozambique,MOZ,2016,59.455,31.85357285
Mauritania,MRT,2016,66.823,49.90084076
Mauritius,MUS,2016,74.39487805,540.39239502
Malawi,MWI,2016,63.163,34.0307579
Malaysia,MYS,2016,75.371,350.71160889
North America,NAC,2016,78.88122683,9044.87773615632
Namibia,NAM,2016,60.81,409.78106689
Niger,NER,2016,59.228,22.68474007
Nigeria,NGA,2016,52.189,75.52328491
Nicaragua,NIC,2016,73.18,171.5748291
Netherlands,NLD,2016,81.56097561,4644.02099609
Norway,NOR,2016,82.40731707,7492.07666016
Nepal,NPL,2016,68.444,47.1232872
Nauru,NRU,2016,60.996,981.88366699
New Zealand,NZL,2016,81.65853659,3702.37109375
OECD members,OED,2016,79.89394035,4440.03597145657
Oman,OMN,2016,79.581,714.48864746
Other small states,OSS,2016,72.70008351,800.054742958583
Pakistan,PAK,2016,65.943,36.46934128
Panama,PAN,2016,77.772,1056.68481445
Peru,PER,2016,75.951,311.33517456
Philippines,PHL,2016,69.49,118.05981445
Palau,PLW,2016,69.046,1704.62316895
Papua New Guinea,PNG,2016,64.7,53.98646545
Poland,POL,2016,77.85121951,816.08618164
Pre-demographic dividend,PRE,2016,59.23635624,59.4109632757403
Portugal,PRT,2016,81.12439024,1875.2421875
Paraguay,PRY,2016,73.487,385.52297974
West Bank and Gaza,PSE,2016,74.917,299.4125061
Pacific island small states,PSS,2016,68.28565086,185.202154850089
Post-demographic dividend,PST,2016,80.61353681,5263.4693708443
Qatar,QAT,2016,82.147,2072.06103516
Romania,ROU,2016,75.2097561,476.24505615
Russian Federation,RUS,2016,71.65121951,463.29275513
Rwanda,RWA,2016,65.733,50.77831268
South Asia,SAS,2016,69.2955176,56.1737511883399
Saudi Arabia,SAU,2016,78.354,1353.21813965
Sudan,SDN,2016,64.677,89.39611053
Senegal,SEN,2016,66.724,53.90053558
Singapore,SGP,2016,82.84634146,2488.28295898
Solomon Islands,SLB,2016,69.501,94.32994843
Sierra Leone,SLE,2016,56.937,84.6361618
El Salvador,SLV,2016,70.908,339.97875977
San Marino,SMR,2016,84.775,3621.23266602
Somalia,SOM,2016,55.283,11.72021103
Serbia,SRB,2016,75.68780488,486.42944336
Sub-Saharan Africa (excluding high income),SSA,2016,59.81079635,75.7674743219791
Sub-Saharan Africa,SSF,2016,59.8121002,75.8217575134705
Small states,SST,2016,71.94916427,687.733026320089
Sao Tome and Principe,STP,2016,66.563,109.73142242
Suriname,SUR,2016,70.979,338.24822998
Slovak Republic,SVK,2016,77.16585366,1175.6270752
Slovenia,SVN,2016,81.17560976,1838.65405273
Sweden,SWE,2016,82.30731707,5680.72607422
Eswatini,SWZ,2016,56.228,226.41770935
Seychelles,SYC,2016,74.3097561,673.19622803
Syrian Arab Republic,SYR,2016,65.19,25.93214798
Chad,TCD,2016,51.603,31.96038055
East Asia & Pacific (IDA & IBRD countries),TEA,2016,75.183227,312.594429342351
Europe & Central Asia (IDA & IBRD countries),TEC,2016,73.6927921,405.613291095096
Togo,TGO,2016,59.669,50.64896011
Thailand,THA,2016,76.769,229.7849884
Tajikistan,TJK,2016,69.982,54.9213562
Turkmenistan,TKM,2016,69.142,376.65567017
Latin America & the Caribbean (IDA & IBRD countries),TLA,2016,74.58947943,646.332181073287
Timor-Leste,TLS,2016,65.61,92.69400787
Middle East & North Africa (IDA & IBRD countries),TMN,2016,72.13409379,234.689930446843
Tonga,TON,2016,71.951,202.96311951
South Asia (IDA & IBRD),TSA,2016,69.2955176,56.1737511883399
Sub-Saharan Africa (IDA & IBRD countries),TSS,2016,59.8121002,75.8217575134705
Trinidad and Tobago,TTO,2016,72.935,1064.41772461
Tunisia,TUN,2016,75.007,240.40258789
Turkiye,TUR,2016,76.595,456.3659668
Tuvalu,TUV,2016,65.51,697.90136719
Tanzania,TZA,2016,64.404,36.65267563
Uganda,UGA,2016,64.494,39.08125305
Ukraine,UKR,2016,73.389,154.5546875
Upper middle income,UMC,2016,75.33620804,408.424127131145
Uruguay,URY,2016,77.351,1469.38964844
United States,USA,2016,78.53902439,9536.20605469
Uzbekistan,UZB,2016,71.58,129.82177734
St. Vincent and the Grenadines,VCT,2016,70.7,313.66229248
Viet Nam,VNM,2016,73.984,133.1960144
Vanuatu,VUT,2016,70.397,88.35998535
World,WLD,2016,72.18462585,989.460454327254
Samoa,WSM,2016,71.003,238.34661865
"Yemen, Rep.",YEM,2016,67.105,47.25681305
South Africa,ZAF,2016,64.749,456.56936646
Zambia,ZMB,2016,61.129,55.39532089
Zimbabwe,ZWE,2016,59.76,105.11625671
Africa Eastern and Southern,AFE,2017,62.5912751,90.0131504862594
Afghanistan,AFG,2017,62.406,66.82388306
Africa Western and Central,AFW,2017,56.62643881,58.2215149144805
Angola,AGO,2017,62.122,112.75364685
Albania,ALB,2017,78.9,295.52346802
Andorra,AND,2017,84.359,2876.17871094
Arab World,ARB,2017,71.11285601,304.305536993425
United Arab Emirates,ARE,2017,82.388,1695.203125
Argentina,ARG,2017,76.543,1486.92871094
Armenia,ARM,2017,75.21707317,409.80145264
Antigua and Barbuda,ATG,2017,77.03,791.12322998
Australia,AUS,2017,82.5,5780.53710938
Austria,AUT,2017,81.64390244,4938.92041016
Azerbaijan,AZE,2017,72.694,167.01565552
Burundi,BDI,2017,61.345,19.16801643
Belgium,BEL,2017,81.49268293,4783.80664063
Benin,BEN,2017,59.528,28.14816666
Burkina Faso,BFA,2017,59.578,42.94480133
Bangladesh,BGD,2017,71.606,42.17510986
Bulgaria,BGR,2017,74.81463415,624.55499268
Bahrain,BHR,2017,80.407,1080.08898926
"Bahamas, The",BHS,2017,74.031,2118.64892578
Bosnia and Herzegovina,BIH,2017,77.385,471.32647705
Belarus,BLR,2017,74.12926829,331.94082642
Belize,BLZ,2017,72.062,281.39849854
Bolivia,BOL,2017,67.536,214.58572388
Brazil,BRA,2017,75.383,954.75012207
Barbados,BRB,2017,76.237,1182.00366211
Brunei Darussalam,BRN,2017,74.943,636.22973633
Bhutan,BTN,2017,71.413,103.63583374
Botswana,BWA,2017,65.42,471.05056763
Central African Republic,CAF,2017,45.231,28.81619644
Canada,CAN,2017,81.81292683,4899.25390625
Central Europe and the Baltics,CEB,2017,76.92371205,937.861671967606
Switzerland,CHE,2017,83.55121951,9423.64941406
Chile,CHL,2017,80.61,1353.69274902
China,CHN,2017,77.235,439.94006348
Cote d'Ivoire,CIV,2017,59.315,63.77943039
Cameroon,CMR,2017,60.817,56.7457695
"Congo, Dem. Rep.",COD,2017,59.495,18.14648819
"Congo, Rep.",COG,2017,64.203,52.29982376
Colombia,COL,2017,76.418,497.54016113
Comoros,COM,2017,65.127,75.01337433
Cabo Verde,CPV,2017,74.71,184.75575256
Costa Rica,CRI,2017,79.994,867.76733398
Caribbean small states,CSS,2017,71.80756653,661.578384999263
Cuba,CUB,2017,77.3,987.81030273
Cyprus,CYP,2017,81.543,1773.41162109
Czechia,CZE,2017,78.97804878,1516.75012207
Germany,DEU,2017,80.99268293,5065.43164063
Djibouti,DJI,2017,63.71,64.65093994
Dominica,DMA,2017,68.62,415.87072754
Denmark,DNK,2017,81.10243902,5834.02050781
Dominican Republic,DOM,2017,73.37,336.98895264
Algeria,DZA,2017,75.431,270.93261719
East Asia & Pacific (excluding high income),EAP,2017,75.23967149,342.751972720443
Early-demographic dividend,EAR,2017,70.27299494,165.943173026042
East Asia & Pacific,EAS,2017,76.07899236,668.759478170624
Europe & Central Asia (excluding high income),ECA,2017,74.4074609,287.479699721248
Europe & Central Asia,ECS,2017,77.90161123,2186.19463280953
Ecuador,ECU,2017,76.22,469.04544067
"Egypt, Arab Rep.",EGY,2017,70.709,106.00288391
Euro area,EMU,2017,81.88599119,3753.47183417588
Eritrea,ERI,2017,66.612,25.10270691
Spain,ESP,2017,83.28292683,2525.13964844
Estonia,EST,2017,78.09268293,1350.12646484
Ethiopia,ETH,2017,64.766,24.18239403
European Union,EUU,2017,80.92852605,3281.40803012398
Fragile and conflict affected situations,FCS,2017,61.26015704,69.7724312206444
Finland,FIN,2017,81.63170732,4235.75488281
Fiji,FJI,2017,67.06,185.69645691
France,FRA,2017,82.57560976,4416.79199219
"Micronesia, Fed. Sts.",FSM,2017,65.761,408.86560059
Gabon,GAB,2017,66.816,192.47543335
United Kingdom,GBR,2017,81.25609756,3907.82226563
Georgia,GEO,2017,73.435,302.26367188
Ghana,GHA,2017,63.829,54.10602188
Guinea,GIN,2017,58.715,32.63646317
"Gambia, The",GMB,2017,63.708,21.55331612
Guinea-Bissau,GNB,2017,61.148,54.8225174
Equatorial Guinea,GNQ,2017,61.481,214.52722168
Greece,GRC,2017,81.28780488,1509.7845459
Grenada,GRD,2017,74.977,454.07266235
Guatemala,GTM,2017,71.583,265.36593628
Guyana,GUY,2017,68.543,266.86364746
High income,HIC,2017,79.85499725,4676.33478103211
Honduras,HND,2017,71.805,169.07194519
Heavily indebted poor countries (HIPC),HPC,2017,62.31519567,44.1804403887853
Croatia,HRV,2017,77.72682927,902.62518311
Haiti,HTI,2017,63.832,53.80579758
Hungary,HUN,2017,75.81707317,985.07196045
IBRD only,IBD,2017,73.48609011,323.330091021911
IDA & IBRD total,IBT,2017,70.83132471,252.298860443457
IDA total,IDA,2017,63.27362573,51.1657413655444
IDA blend,IDB,2017,60.88974285,61.0969904421616
Indonesia,IDN,2017,69.953,110.32610321
IDA only,IDX,2017,64.48235043,46.1220665491905
India,IND,2017,70.068,56.66844559
Ireland,IRL,2017,82.15609756,5010.25634766
"Iran, Islamic Rep.",IRN,2017,76.396,464.12908936
Iraq,IRQ,2017,69.788,197.23654175
Iceland,ISL,2017,82.66097561,5992.05322266
Israel,ISR,2017,82.55121951,3074.44604492
Italy,ITA,2017,82.94634146,2809.72143555
Jamaica,JAM,2017,71.879,323.37380981
Jordan,JOR,2017,76.071,289.04656982
Japan,JPN,2017,84.0997561,4135.24316406
Kazakhstan,KAZ,2017,72.996,272.98272705
Kenya,KEN,2017,62.725,66.46552277
Kyrgyz Republic,KGZ,2017,71.2,76.60479736
Cambodia,KHM,2017,69.842,77.97311401
Kiribati,KIR,2017,65.787,179.57881165
St. Kitts and Nevis,KNA,2017,71.284,1185.9017334
"Korea, Rep.",KOR,2017,82.62682927,2221.75146484
Kuwait,KWT,2017,79.91607317,1351.72387695
Latin America & Caribbean (excluding high income),LAC,2017,74.74653192,709.176930338212
Lao PDR,LAO,2017,67.345,61.42248535
Lebanon,LBN,2017,78.192,671.77996826
Liberia,LBR,2017,60.777,71.56608582
Libya,LBY,2017,72.721,466.08538818
St. Lucia,LCA,2017,72.522,495.12600708
Latin America & Caribbean,LCN,2017,74.83123356,739.0802553909
Least developed countries: UN classification,LDC,2017,64.03397552,42.5794355418802
Low income,LIC,2017,62.13902709,34.7033481393537
Sri Lanka,LKA,2017,76.239,142.32518005
Lower middle income,LMC,2017,68.00227091,70.7450738260216
Low & middle income,LMY,2017,70.70882212,235.276815813929
Lesotho,LSO,2017,53.874,115.9289093
Late-demographic dividend,LTE,2017,76.41752955,508.002007480835
Lithuania,LTU,2017,75.4804878,1078.17138672
Luxembourg,LUX,2017,82.09512195,5713.11865234
Latvia,LVA,2017,74.62926829,932.50158691
Morocco,MAR,2017,73.608,166.8500061
Monaco,MCO,2017,85.878,7098.20507813
Moldova,MDA,2017,70.375,243.94540405
Madagascar,MDG,2017,63.433,23.62072182
Maldives,MDV,2017,79.228,961.57415771
Middle East & North Africa,MEA,2017,73.5322541,422.67873572441
Mexico,MEX,2017,74.261,512.54974365
Marshall Islands,MHL,2017,65.673,553.06298828
Middle income,MIC,2017,71.66729761,256.789225073053
North Macedonia,MKD,2017,75.95365854,375.3303833
Mali,MLI,2017,58.562,28.49467659
Malta,MLT,2017,82.34634146,2551.71606445
Myanmar,MMR,2017,65.909,59.51782608
Middle East & North Africa (excluding high income),MNA,2017,72.49432748,231.481319613573
Montenegro,MNE,2017,76.68536585,623.68841553
Mongolia,MNG,2017,70.54341463,160.4889679
Mozambique,MOZ,2017,60.148,36.75825882
Mauritania,MRT,2017,67.088,55.22446442
Mauritius,MUS,2017,74.51463415,594.86120605
Malawi,MWI,2017,63.914,37.60110092
Malaysia,MYS,2017,75.542,366.36639404
North America,NAC,2017,78.87015881,9324.91612591773
Namibia,NAM,2017,61.661,448.58221436
Niger,NER,2017,59.524,29.09627533
Nigeria,NGA,2017,52.397,70.31814575
Nicaragua,NIC,2017,73.389,181.75810242
Netherlands,NLD,2017,81.76097561,4934.57519531
Norway,NOR,2017,82.6097561,7815.78710938
Nepal,NPL,2017,68.74,49.63053513
Nauru,NRU,2017,61.101,1127.47509766
New Zealand,NZL,2017,81.85853659,3849.74169922
OECD members,OED,2017,79.93376336,4581.90819714696
Oman,OMN,2017,79.748,704.6295166
Other small states,OSS,2017,73.04510152,864.371311697549
Pakistan,PAK,2017,66.223,42.07228851
Panama,PAN,2017,77.901,1126.96154785
Peru,PER,2017,75.958,332.54321289
Philippines,PHL,2017,69.966,120.32259369
Palau,PLW,2017,69.019,1775.32849121
Papua New Guinea,PNG,2017,64.923,55.24723816
Poland,POL,2017,77.75365854,909.57818604
Pre-demographic dividend,PRE,2017,59.54023507,57.3606650669134
Portugal,PRT,2017,81.42439024,1998.06469727
Paraguay,PRY,2017,73.45,406.60488892
West Bank and Gaza,PSE,2017,75.216,310.2114563
Pacific island small states,PSS,2017,68.5192875,189.349287277612
Post-demographic dividend,PST,2017,80.66747395,5437.07413421954
Qatar,QAT,2017,82.458,1911.95361328
Romania,ROU,2017,75.2097561,555.11309814
Russian Federation,RUS,2017,72.45146341,577.06811523
Rwanda,RWA,2017,66.14,48.27599335
South Asia,SAS,2017,69.64093954,54.9445309171262
Saudi Arabia,SAU,2017,78.721,1400.90356445
Sudan,SDN,2017,65.146,67.75525665
Senegal,SEN,2017,67.059,56.49185944
Singapore,SGP,2017,83.09512195,2645.3293457
Solomon Islands,SLB,2017,69.652,89.29357147
Sierra Leone,SLE,2017,57.761,47.37737274
El Salvador,SLV,2017,71.007,338.60742188
San Marino,SMR,2017,84.933,3672.30322266
Somalia,SOM,2017,52.19,13.46292782
Serbia,SRB,2017,75.53902439,515.84588623
Sub-Saharan Africa (excluding high income),SSA,2017,60.15714754,76.9939965091178
South Sudan,SSD,2017,35.351,28.05690956
Sub-Saharan Africa,SSF,2017,60.15840153,77.0463185427596
Small states,SST,2017,72.2515022,743.122390891234
Sao Tome and Principe,STP,2017,67.074,117.07767487
Suriname,SUR,2017,71.247,322.00415039
Slovak Republic,SVK,2017,77.16585366,1189.07983398
Slovenia,SVN,2017,81.02926829,1925.03466797
Sweden,SWE,2017,82.4097561,5837.77099609
Eswatini,SWZ,2017,57.574,265.50152588
Seychelles,SYC,2017,74.3,667.09515381
Syrian Arab Republic,SYR,2017,65.651,33.63182449
Chad,TCD,2017,51.875,29.9935894
East Asia & Pacific (IDA & IBRD countries),TEA,2017,75.26716402,342.768661584332
Europe & Central Asia (IDA & IBRD countries),TEC,2017,74.13459547,453.476821705945
Togo,TGO,2017,60.135,51.5464592
Thailand,THA,2017,76.989,247.08152771
Tajikistan,TJK,2017,70.524,56.85092545
Turkmenistan,TKM,2017,69.19,410.81082153
Latin America & the Caribbean (IDA & IBRD countries),TLA,2017,74.76141014,733.36935305515
Timor-Leste,TLS,2017,65.898,86.16269684
Middle East & North Africa (IDA & IBRD countries),TMN,2017,72.46350373,230.589677337015
Tonga,TON,2017,72.066,240.52340698
South Asia (IDA & IBRD),TSA,2017,69.64093954,54.9445309171262
Sub-Saharan Africa (IDA & IBRD countries),TSS,2017,60.15840153,77.0463185427596
Trinidad and Tobago,TTO,2017,72.984,1083.37609863
Tunisia,TUN,2017,75.177,223.85903931
Turkiye,TUR,2017,77.037,432.13754272
Tuvalu,TUV,2017,65.683,1001.7612915
Tanzania,TZA,2017,64.963,39.03560638
Uganda,UGA,2017,65.174,31.43818092
Ukraine,UKR,2017,73.993,183.69506836
Upper middle income,UMC,2017,75.47696744,450.302334079442
Uruguay,URY,2017,77.618,1672.3314209
United States,USA,2017,78.53902439,9822.37890625
Uzbekistan,UZB,2017,71.737,93.4151535
St. Vincent and the Grenadines,VCT,2017,71.013,337.89614868
Viet Nam,VNM,2017,74.026,147.51425171
Vanuatu,VUT,2017,70.5,91.04128265
World,WLD,2017,72.3650252,1025.52233225386
Samoa,WSM,2017,70.991,220.82498169
"Yemen, Rep.",YEM,2017,67.12,51.94430542
South Africa,ZAF,2017,65.422,527.52020264
Zambia,ZMB,2017,61.564,70.93283844
Zimbabwe,ZWE,2017,60.263,91.87199402
Africa Eastern and Southern,AFE,2018,63.33069136,90.0756532490733
Afghanistan,AFG,2018,62.443,71.22509003
Africa Western and Central,AFW,2018,57.03697644,56.1242645554959
Angola,AGO,2018,62.622,84.03104401
Albania,ALB,2018,79.238,349.21127319
Andorra,AND,2018,84.242,3158.13647461
Arab World,ARB,2018,71.43129979,320.738335147228
United Arab Emirates,ARE,2018,82.449,1872.58422852
Argentina,ARG,2018,76.77,1209.5357666
Armenia,ARM,2018,75.6195122,428.34570313
Antigua and Barbuda,ATG,2018,77.132,856.37127686
Australia,AUS,2018,82.74878049,5830.1015625
Austria,AUT,2018,81.69268293,5337.21826172
Azerbaijan,AZE,2018,73.016,180.03610229
Burundi,BDI,2018,61.806,18.67819214
Belgium,BEL,2018,81.59512195,5176.85498047
Benin,BEN,2018,59.71,33.21631241
Burkina Faso,BFA,2018,59.972,38.91588593
Bangladesh,BGD,2018,72.122,44.78892899
Bulgaria,BGR,2018,74.96341463,689.90539551
Bahrain,BHR,2018,80.412,1041.8560791
"Bahamas, The",BHS,2018,74.062,1941.9576416
Bosnia and Herzegovina,BIH,2018,77.942,529.85546875
Belarus,BLR,2018,74.17560976,349.99176025
Belize,BLZ,2018,72.322,287.49368286
Bolivia,BOL,2018,67.699,231.18806458
Brazil,BRA,2018,75.633,880.28430176
Barbados,BRB,2018,76.378,1169.35559082
Brunei Darussalam,BRN,2018,74.992,747.7253418
Bhutan,BTN,2018,71.711,102.01222992
Botswana,BWA,2018,66.371,447.4473877
Central African Republic,CAF,2018,52.297,51.3541069
Canada,CAN,2018,81.80878049,5062.38476563
Central Europe and the Baltics,CEB,2018,76.9698766,1053.41163121893
Switzerland,CHE,2018,83.75365854,9577.30273438
Chile,CHL,2018,80.559,1430.70263672
China,CHN,2018,77.709,504.10980225
Cote d'Ivoire,CIV,2018,59.795,65.87952423
Cameroon,CMR,2018,61.189,58.32909393
"Congo, Dem. Rep.",COD,2018,59.926,17.29077148
"Congo, Rep.",COG,2018,64.472,47.310215
Colombia,COL,2018,76.579,519.82202148
Comoros,COM,2018,65.401,74.89152527
Cabo Verde,CPV,2018,74.84,204.45397949
Costa Rica,CRI,2018,80.09,917.31018066
Caribbean small states,CSS,2018,72.02628203,670.649733249007
Cuba,CUB,2018,77.426,981.90283203
Cyprus,CYP,2018,81.556,2020.73339844
Czechia,CZE,2018,79.02926829,1750.81188965
Germany,DEU,2018,80.89268293,5507.67675781
Djibouti,DJI,2018,64.105,68.46080017
Dominica,DMA,2018,71.378,503.34179688
Denmark,DNK,2018,80.95365854,6232.72167969
Dominican Republic,DOM,2018,73.555,327.39859009
Algeria,DZA,2018,75.555,271.53778076
East Asia & Pacific (excluding high income),EAP,2018,75.57828618,388.609815983208
Early-demographic dividend,EAR,2018,70.54866599,160.314529579211
East Asia & Pacific,EAS,2018,76.39142294,723.444630761637
Europe & Central Asia (excluding high income),ECA,2018,74.59761369,281.578270065011
Europe & Central Asia,ECS,2018,78.03320184,2338.47503840285
Ecuador,ECU,2018,77.248,493.73196411
"Egypt, Arab Rep.",EGY,2018,70.974,118.01481628
Euro area,EMU,2018,82.00419056,4042.88482547669
Eritrea,ERI,2018,66.979,26.68201065
Spain,ESP,2018,83.43170732,2741.90600586
Estonia,EST,2018,78.24390244,1553.43347168
Ethiopia,ETH,2018,65.257,23.5205574
European Union,EUU,2018,81.02835397,3537.38343817001
Fragile and conflict affected situations,FCS,2018,61.81140511,75.6606661976252
Finland,FIN,2018,81.73414634,4521.27636719
Fiji,FJI,2018,66.965,249.86022949
France,FRA,2018,82.67560976,4667.95751953
"Micronesia, Fed. Sts.",FSM,2018,65.943,426.75872803
Gabon,GAB,2018,67.043,209.28697205
United Kingdom,GBR,2018,81.25609756,4219.48632813
Georgia,GEO,2018,73.985,329.89413452
Ghana,GHA,2018,64.138,53.37788773
Guinea,GIN,2018,59.043,34.88978195
"Gambia, The",GMB,2018,64.034,22.5376339
Guinea-Bissau,GNB,2018,61.652,58.8792572
Equatorial Guinea,GNQ,2018,61.915,231.10166931
Greece,GRC,2018,81.78780488,1603.07788086
Grenada,GRD,2018,74.957,462.2394104
Guatemala,GTM,2018,71.496,265.81820679
Guyana,GUY,2018,68.829,296.66903687
High income,HIC,2018,79.96744972,4910.7293117247
Honduras,HND,2018,72.001,178.1494751
Heavily indebted poor countries (HIPC),HPC,2018,62.79854426,43.4207146556528
Croatia,HRV,2018,77.9195122,1024.62414551
Haiti,HTI,2018,64.077,62.30102539
Hungary,HUN,2018,76.06585366,1080.44775391
IBRD only,IBD,2018,73.79530958,337.337872003809
IDA & IBRD total,IBT,2018,71.15350761,262.310720775733
IDA total,IDA,2018,63.73093118,51.2879893830268
IDA blend,IDB,2018,61.13520122,59.0697593528267
Indonesia,IDN,2018,70.08,110.71585846
IDA only,IDX,2018,65.04294046,47.348472189163
India,IND,2018,70.415,57.46551132
Ireland,IRL,2018,82.20487805,5187.05761719
"Iran, Islamic Rep.",IRN,2018,76.621,284.95181274
Iraq,IRQ,2018,71.116,232.86825562
Iceland,ISL,2018,82.86097561,6280.03857422
Israel,ISR,2018,82.80243902,3199.41625977
Italy,ITA,2018,83.34634146,3002.76123047
Jamaica,JAM,2018,71.606,332.90045166
Jordan,JOR,2018,76.491,289.47106934
Japan,JPN,2018,84.21097561,4265.77929688
Kazakhstan,KAZ,2018,73.369,266.92147827
Kenya,KEN,2018,62.825,75.27681732
Kyrgyz Republic,KGZ,2018,71.4,65.34625244
Cambodia,KHM,2018,69.993,91.59080505
Kiribati,KIR,2018,65.807,208.73831177
St. Kitts and Nevis,KNA,2018,71.336,1120.83300781
"Korea, Rep.",KOR,2018,82.62682927,2493.33569336
Kuwait,KWT,2018,80.10636585,1658.60375977
Latin America & Caribbean (excluding high income),LAC,2018,74.9356857,668.625841639234
Lao PDR,LAO,2018,67.594,57.1708374
Lebanon,LBN,2018,78.263,740.46942139
Liberia,LBR,2018,60.999,71.17150116
Libya,LBY,2018,73.151,544.88079834
St. Lucia,LCA,2018,72.655,486.53726196
Latin America & Caribbean,LCN,2018,75.05179338,678.430550420513
Least developed countries: UN classification,LDC,2018,64.60227577,42.6754735517241
Low income,LIC,2018,62.85174377,34.8155022096272
Sri Lanka,LKA,2018,76.485,154.64622498
Lower middle income,LMC,2018,68.28746008,72.2367972606637
Low & middle income,LMY,2018,71.0362412,244.285724833387
Lesotho,LSO,2018,54.638,131.43312073
Late-demographic dividend,LTE,2018,76.77816879,551.949307724744
Lithuania,LTU,2018,75.6804878,1249.03100586
Luxembourg,LUX,2018,82.29512195,6227.08398438
Latvia,LVA,2018,74.78292683,1101.49243164
Morocco,MAR,2018,73.946,175.70518494
Monaco,MCO,2018,86.084,7616.03564453
Moldova,MDA,2018,70.236,276.47143555
Madagascar,MDG,2018,63.491,21.12731934
Maldives,MDV,2018,79.433,833.21575928
Middle East & North Africa,MEA,2018,73.77768937,411.777923778966
Mexico,MEX,2018,74.301,528.26306152
Marshall Islands,MHL,2018,65.87,702.8359375
Middle income,MIC,2018,71.96726803,267.159100662296
North Macedonia,MKD,2018,76.64878049,426.57290649
Mali,MLI,2018,58.873,31.16962624
Malta,MLT,2018,82.24878049,2753.51098633
Myanmar,MMR,2018,66.232,60.83261871
Middle East & North Africa (excluding high income),MNA,2018,72.77998996,205.54874432931
Montenegro,MNE,2018,77.88536585,745.7520752
Mongolia,MNG,2018,70.82707317,188.64115906
Mozambique,MOZ,2018,60.79,41.29206467
Mauritania,MRT,2018,67.419,49.68307495
Mauritius,MUS,2018,74.41634146,640.62182617
Malawi,MWI,2018,64.464,36.70302963
Malaysia,MYS,2018,75.734,409.84710693
North America,NAC,2018,78.96229134,9660.68017215764
Namibia,NAM,2018,62.579,439.87658691
Niger,NER,2018,59.765,30.61364555
Nigeria,NGA,2018,52.669,63.60244751
Nicaragua,NIC,2018,73.879,172.9760437
Netherlands,NLD,2018,81.81219512,5330.66015625
Norway,NOR,2018,82.75853659,8271.859375
Nepal,NPL,2018,69.036,51.16128922
Nauru,NRU,2018,61.238,1221.42358398
New Zealand,NZL,2018,81.70731707,3907.59912109
OECD members,OED,2018,80.03057498,4792.5010793666
Oman,OMN,2018,79.864,639.78082275
Other small states,OSS,2018,73.30145267,932.665581556115
Pakistan,PAK,2018,66.481,40.09578323
Panama,PAN,2018,78.266,1227.30554199
Peru,PER,2018,76.018,362.75994873
Philippines,PHL,2018,69.761,125.27716827
Palau,PLW,2018,68.989,1794.765625
Papua New Guinea,PNG,2018,65.114,59.04003525
Poland,POL,2018,77.60243902,978.73565674
Pre-demographic dividend,PRE,2018,60.20747248,56.0676660532705
Portugal,PRT,2018,81.32439024,2216.30664063
Paraguay,PRY,2018,73.627,422.13101196
West Bank and Gaza,PSE,2018,75.38,324.02166748
Pacific island small states,PSS,2018,68.58258879,217.301131379356
Post-demographic dividend,PST,2018,80.74640278,5704.59546773943
Qatar,QAT,2018,82.714,1966.55712891
Romania,ROU,2018,75.35853659,687.15411377
Russian Federation,RUS,2018,72.66219512,606.11401367
Rwanda,RWA,2018,66.354,51.35319138
South Asia,SAS,2018,69.978667,55.7496009653218
Saudi Arabia,SAU,2018,78.75,1488.9753418
Sudan,SDN,2018,65.501,33.73799133
Senegal,SEN,2018,67.379,64.37467957
Singapore,SGP,2018,83.29756098,2688.27270508
Solomon Islands,SLB,2018,69.806,88.03850555
Sierra Leone,SLE,2018,59.059,44.82733536
El Salvador,SLV,2018,71.384,348.18817139
San Marino,SMR,2018,85.095,3969.36474609
Somalia,SOM,2018,54.767,12.70534706
Serbia,SRB,2018,75.8902439,617.08679199
Sub-Saharan Africa (excluding high income),SSA,2018,60.76567483,76.1892353144558
South Sudan,SSD,2018,51.905,31.05302238
Sub-Saharan Africa,SSF,2018,60.76672751,76.2443732764131
Small states,SST,2018,72.47531899,796.532336340533
Sao Tome and Principe,STP,2018,67.602,108.87628937
Suriname,SUR,2018,71.468,445.90789795
Slovak Republic,SVK,2018,77.26585366,1299.91125488
Slovenia,SVN,2018,81.37804878,2169.57885742
Sweden,SWE,2018,82.55853659,6005.06591797
Eswatini,SWZ,2018,58.707,292.33929443
Seychelles,SYC,2018,72.84146341,708.699646
Syrian Arab Republic,SYR,2018,67.371,43.59334946
Chad,TCD,2018,52.447,31.2043705
East Asia & Pacific (IDA & IBRD countries),TEA,2018,75.61012415,388.626495910689
Europe & Central Asia (IDA & IBRD countries),TEC,2018,74.30085836,472.091174820304
Togo,TGO,2018,60.601,52.43610382
Thailand,THA,2018,77.19,274.71221924
Tajikistan,TJK,2018,70.737,58.51539993
Turkmenistan,TKM,2018,69.272,411.32562256
Latin America & the Caribbean (IDA & IBRD countries),TLA,2018,74.9760978,672.137646029749
Timor-Leste,TLS,2018,66.204,78.07413483
Middle East & North Africa (IDA & IBRD countries),TMN,2018,72.7503061,204.196159577833
Tonga,TON,2018,72.169,272.08758545
South Asia (IDA & IBRD),TSA,2018,69.978667,55.7496009653218
Sub-Saharan Africa (IDA & IBRD countries),TSS,2018,60.76672751,76.2443732764131
Trinidad and Tobago,TTO,2018,72.658,1080.45397949
Tunisia,TUN,2018,75.37,215.418396
Turkiye,TUR,2018,77.454,380.27835083
Tuvalu,TUV,2018,65.871,816.8225708
Tanzania,TZA,2018,65.488,41.28152084
Uganda,UGA,2018,65.775,32.9515686
Ukraine,UKR,2018,73.569,217.73760986
Upper middle income,UMC,2018,75.81790044,471.263070287606
Uruguay,URY,2018,77.527,1713.26611328
United States,USA,2018,78.63902439,10182.25585938
Uzbekistan,UZB,2018,71.999,82.53038788
St. Vincent and the Grenadines,VCT,2018,71.017,358.53372192
"Venezuela, RB",VEN,2018,72.641,164.68154907
Viet Nam,VNM,2018,74.1,161.97871399
Vanuatu,VUT,2018,70.626,110.32492065
World,WLD,2018,72.64285949,1064.73905462943
Samoa,WSM,2018,71.052,200.42073059
"Yemen, Rep.",YEM,2018,65.915,83.34048462
South Africa,ZAF,2018,65.726,558.8013916
Zambia,ZMB,2018,62.138,69.82767487
Zimbabwe,ZWE,2018,60.906,114.76815033
Africa Eastern and Southern,AFE,2019,63.85726128,87.2982461391314
Afghanistan,AFG,2019,62.941,74.0642395
Africa Western and Central,AFW,2019,57.14984676,59.0695277145137
Angola,AGO,2019,63.051,64.61397552
Albania,ALB,2019,79.467,366.34014893
Andorra,AND,2019,84.098,3021.43261719
Arab World,ARB,2019,71.83989327,323.326647510009
United Arab Emirates,ARE,2019,82.596,1962.46728516
Argentina,ARG,2019,76.847,1011.08013916
Armenia,ARM,2019,76.22195122,533.69952393
Antigua and Barbuda,ATG,2019,77.168,808.14996338
Australia,AUS,2019,82.9,5529.19482422
Austria,AUT,2019,81.89512195,5263.390625
Azerbaijan,AZE,2019,73.29,199.25746155
Burundi,BDI,2019,62.18,22.24477386
Belgium,BEL,2019,81.99512195,5033.16601563
Benin,BEN,2019,59.888,28.372015
Burkina Faso,BFA,2019,60.184,41.05052185
Bangladesh,BGD,2019,72.625,47.84217072
Bulgaria,BGR,2019,75.11219512,697.8961792
Bahrain,BHR,2019,80.471,1030.26379395
"Bahamas, The",BHS,2019,71.408,1941.60742188
Bosnia and Herzegovina,BIH,2019,77.394,546.4508667
Belarus,BLR,2019,74.22682927,400.11621094
Belize,BLZ,2019,72.577,299.69824219
Bolivia,BOL,2019,67.82,241.34619141
Brazil,BRA,2019,75.809,868.17248535
Barbados,BRB,2019,76.495,1168.11938477
Brunei Darussalam,BRN,2019,75.049,677.82629395
Bhutan,BTN,2019,72.005,115.71811676
Botswana,BWA,2019,67.167,438.28546143
Central African Republic,CAF,2019,31.53,35.76098633
Canada,CAN,2019,82.16365854,5103.84130859
Central Europe and the Baltics,CEB,2019,77.25781093,1090.30302305385
Switzerland,CHE,2019,83.90487805,9646.91308594
Chile,CHL,2019,80.324,1348.99401855
China,CHN,2019,77.94,538.99157715
Cote d'Ivoire,CIV,2019,60.274,68.30471039
Cameroon,CMR,2019,61.695,56.79493713
"Congo, Dem. Rep.",COD,2019,60.242,19.20812035
"Congo, Rep.",COG,2019,63.152,58.42106628
Colombia,COL,2019,76.793,503.53485107
Comoros,COM,2019,65.662,78.23674774
Cabo Verde,CPV,2019,75.449,195.76327515
Costa Rica,CRI,2019,80.296,930.43511963
Caribbean small states,CSS,2019,71.81619278,706.773413313046
Cuba,CUB,2019,77.413,1023.39715576
Cyprus,CYP,2019,81.454,2093.0612793
Czechia,CZE,2019,79.22926829,1805.44030762
Germany,DEU,2019,81.29268293,5488.53955078
Djibouti,DJI,2019,64.381,68.27401733
Dominica,DMA,2019,71.305,465.63766479
Denmark,DNK,2019,81.45121951,6058.83007813
Dominican Republic,DOM,2019,73.112,346.12109375
Algeria,DZA,2019,75.682,242.07002258
East Asia & Pacific (excluding high income),EAP,2019,75.76896903,414.609309647715
Early-demographic dividend,EAR,2019,70.84240646,159.607867252258
East Asia & Pacific,EAS,2019,76.58626193,755.048841346782
Europe & Central Asia (excluding high income),ECA,2019,74.82115124,296.171958260151
Europe & Central Asia,ECS,2019,78.30348683,2327.01659424926
Ecuador,ECU,2019,77.286,484.47195435
"Egypt, Arab Rep.",EGY,2019,71.213,142.69670105
Euro area,EMU,2019,82.28073662,3990.1082478853
Eritrea,ERI,2019,67.306,28.42930794
Spain,ESP,2019,83.83170732,2713.62255859
Estonia,EST,2019,78.64634146,1599.3503418
Ethiopia,ETH,2019,65.741,25.93511963
European Union,EUU,2019,81.31376993,3494.19998407395
Fragile and conflict affected situations,FCS,2019,62.16568469,73.9534928574941
Finland,FIN,2019,81.98292683,4459.9296875
Fiji,FJI,2019,67.009,254.83047485
France,FRA,2019,82.82682927,4508.76074219
"Micronesia, Fed. Sts.",FSM,2019,66.196,424.89938354
Gabon,GAB,2019,67.337,205.99945068
United Kingdom,GBR,2019,81.36912195,4258.63476563
Georgia,GEO,2019,74.165,306.46075439
Ghana,GHA,2019,64.455,71.14958191
Guinea,GIN,2019,59.379,42.16910172
"Gambia, The",GMB,2019,64.427,23.21861267
Guinea-Bissau,GNB,2019,62.161,54.16643524
Equatorial Guinea,GNQ,2019,62.297,215.54243469
Greece,GRC,2019,81.63902439,1569.02905273
Grenada,GRD,2019,74.971,515.94726563
Guatemala,GTM,2019,71.639,278.59024048
Guyana,GUY,2019,69.067,314.0977478
High income,HIC,2019,80.19958085,5012.58048655397
Honduras,HND,2019,72.124,183.75006104
Heavily indebted poor countries (HIPC),HPC,2019,63.08980042,44.8331888954429
Croatia,HRV,2019,78.22439024,1040.08569336
Haiti,HTI,2019,64.328,49.32995987
Hungary,HUN,2019,76.3195122,1054.28076172
IBRD only,IBD,2019,74.03167065,348.123096148673
IDA & IBRD total,IBT,2019,71.39447301,269.580063950871
IDA total,IDA,2019,64.08854,51.7664298544754
IDA blend,IDB,2019,61.37662514,59.4345342239319
Indonesia,IDN,2019,70.349,118.22380829
IDA only,IDX,2019,65.45420859,47.8989715811219
India,IND,2019,70.746,60.6913681
Ireland,IRL,2019,82.70243902,5462.73095703
"Iran, Islamic Rep.",IRN,2019,76.855,225.23252869
Iraq,IRQ,2019,71.245,241.73873901
Iceland,ISL,2019,83.16341463,5912.00976563
Israel,ISR,2019,82.80487805,3335.24511719
Italy,ITA,2019,83.49756098,2910.64672852
Jamaica,JAM,2019,71.532,341.90777588
Jordan,JOR,2019,76.865,294.92785645
Japan,JPN,2019,84.35634146,4431.29980469
Kazakhstan,KAZ,2019,73.658,263.61331177
Kenya,KEN,2019,62.939,85.64528656
Kyrgyz Republic,KGZ,2019,71.6,61.39657974
Cambodia,KHM,2019,70.127,112.5851059
Kiribati,KIR,2019,65.866,177.93025208
St. Kitts and Nevis,KNA,2019,71.54,1223.83544922
"Korea, Rep.",KOR,2019,83.22682927,2592.47851563
Kuwait,KWT,2019,81.9697561,1643.16491699
Latin America & Caribbean (excluding high income),LAC,2019,75.09669291,653.376790203235
Lao PDR,LAO,2019,67.911,67.57865143
Lebanon,LBN,2019,78.208,779.60778809
Liberia,LBR,2019,61.232,51.1932373
Libya,LBY,2019,72.941,552.73168945
St. Lucia,LCA,2019,72.249,493.95703125
Latin America & Caribbean,LCN,2019,75.20319962,661.493379189663
Least developed countries: UN classification,LDC,2019,64.97245344,41.9696662329324
Low income,LIC,2019,63.31306587,33.3860167763389
Sri Lanka,LKA,2019,76.698,154.87071228
Lower middle income,LMC,2019,68.56329737,76.0533023069863
Low & middle income,LMY,2019,71.2745049,251.076269466024
Lesotho,LSO,2019,55.249,236.44024658
Late-demographic dividend,LTE,2019,76.99795387,578.049132467029
Lithuania,LTU,2019,76.28292683,1369.97949219
Luxembourg,LUX,2019,82.63902439,6221.73876953
Latvia,LVA,2019,75.38780488,1183.1151123
Morocco,MAR,2019,74.245,177.84625244
Monaco,MCO,2019,86.151,7512.53173828
Moldova,MDA,2019,70.181,284.30029297
Madagascar,MDG,2019,63.504,15.50084877
Maldives,MDV,2019,79.707,880.79962158
Middle East & North Africa,MEA,2019,74.10502415,406.888681596039
Mexico,MEX,2019,74.53,549.72601318
Marshall Islands,MHL,2019,66.047,793.66851807
Middle income,MIC,2019,72.19673408,275.306717006263
North Macedonia,MKD,2019,76.60243902,469.47344971
Mali,MLI,2019,59.217,31.4089489
Malta,MLT,2019,82.65853659,2943.63208008
Myanmar,MMR,2019,66.457,53.72147369
Middle East & North Africa (excluding high income),MNA,2019,73.17183786,194.157678054272
Montenegro,MNE,2019,76.68292683,754.77441406
Mongolia,MNG,2019,71.05317073,197.57131958
Mozambique,MOZ,2019,61.306,41.01906586
Mauritania,MRT,2019,67.64,54.63365555
Mauritius,MUS,2019,74.23585366,639.18286133
Malawi,MWI,2019,64.995,36.91519165
Malaysia,MYS,2019,75.9,419.32568359
North America,NAC,2019,79.135204,9986.57330546652
Namibia,NAM,2019,63.546,397.42849731
Niger,NER,2019,60.031,31.89424324
Nigeria,NGA,2019,53.009,67.6254425
Nicaragua,NIC,2019,73.764,166.49009705
Netherlands,NLD,2019,82.11219512,5340.61279297
Norway,NOR,2019,82.95853659,8007.35546875
Nepal,NPL,2019,69.299,53.61107254
Nauru,NRU,2019,61.393,1213.86804199
New Zealand,NZL,2019,82.05609756,4059.05639648
OECD members,OED,2019,80.24707175,4877.17311590568
Oman,OMN,2019,79.946,730.08325195
Other small states,OSS,2019,73.4982627,944.252410888078
Pakistan,PAK,2019,66.729,36.01374817
Panama,PAN,2019,78.514,1339.45153809
Peru,PER,2019,76.275,367.98739624
Philippines,PHL,2019,69.68,141.6925354
Palau,PLW,2019,68.982,1924.65795898
Papua New Guinea,PNG,2019,65.331,59.89566803
Poland,POL,2019,77.90487805,1014.03820801
Pre-demographic dividend,PRE,2019,60.5568009,57.5729129465807
Portugal,PRT,2019,81.67560976,2221.73120117
Paraguay,PRY,2019,73.668,416.84432983
West Bank and Gaza,PSE,2019,75.811,317.45007324
Pacific island small states,PSS,2019,68.64215783,225.932251105481
Post-demographic dividend,PST,2019,80.97178911,5820.21441223257
Qatar,QAT,2019,82.945,2007.51525879
Romania,ROU,2019,75.60731707,738.5581665
Russian Federation,RUS,2019,73.08390244,650.47058105
Rwanda,RWA,2019,66.691,50.75216675
South Asia,SAS,2019,70.3091258,58.0158640159486
Saudi Arabia,SAU,2019,78.313,1504.55249023
Sudan,SDN,2019,65.803,33.70681
Senegal,SEN,2019,67.668,64.33670807
Singapore,SGP,2019,83.59512195,2893.78222656
Solomon Islands,SLB,2019,69.981,98.67025757
Sierra Leone,SLE,2019,59.593,48.13619995
El Salvador,SLV,2019,71.725,380.53384399
San Marino,SMR,2019,85.257,3801.21044922
Somalia,SOM,2019,57.249,12.87221336
Serbia,SRB,2019,75.93658537,641.02966309
Sub-Saharan Africa (excluding high income),SSA,2019,61.12821492,75.7646719751484
South Sudan,SSD,2019,58.129,35.07043839
Sub-Saharan Africa,SSF,2019,61.12932184,75.8174834634606
Small states,SST,2019,72.58873083,811.511681870164
Sao Tome and Principe,STP,2019,68.043,106.86884308
Suriname,SUR,2019,71.773,599.07025146
Slovak Republic,SVK,2019,77.66585366,1342.07580566
Slovenia,SVN,2019,81.52926829,2219.09790039
Sweden,SWE,2019,83.1097561,5652.98974609
Eswatini,SWZ,2019,59.85,320.05084229
Seychelles,SYC,2019,74.04634146,692.09197998
Syrian Arab Republic,SYR,2019,70.97,50.25953293
Chad,TCD,2019,52.993,30.23999405
East Asia & Pacific (IDA & IBRD countries),TEA,2019,75.80428772,414.626630826232
Europe & Central Asia (IDA & IBRD countries),TEC,2019,74.59434834,498.214382242414
Togo,TGO,2019,61.055,48.85387421
Thailand,THA,2019,77.197,288.31097412
Tajikistan,TJK,2019,70.962,60.51568222
Turkmenistan,TKM,2019,69.405,432.78118896
Latin America & the Caribbean (IDA & IBRD countries),TLA,2019,75.13197115,654.203499711542
Timor-Leste,TLS,2019,66.496,78.01346588
Middle East & North Africa (IDA & IBRD countries),TMN,2019,73.14146743,192.738877895845
Tonga,TON,2019,72.292,260.73986816
South Asia (IDA & IBRD),TSA,2019,70.3091258,58.0158640159486
Sub-Saharan Africa (IDA & IBRD countries),TSS,2019,61.12932184,75.8174834634606
Trinidad and Tobago,TTO,2019,72.836,1097.20556641
Tunisia,TUN,2019,75.599,212.60031128
Turkiye,TUR,2019,77.737,388.67486572
Tuvalu,TUV,2019,66.109,1128.93554688
Tanzania,TZA,2019,66.007,39.98176956
Uganda,UGA,2019,66.354,33.36559677
Ukraine,UKR,2019,73.92,242.81388855
Upper middle income,UMC,2019,76.02578891,485.422944888622
Uruguay,URY,2019,77.503,1692.50195313
United States,USA,2019,78.78780488,10546.01367188
Uzbekistan,UZB,2019,72.093,98.6240387
St. Vincent and the Grenadines,VCT,2019,70.994,372.05615234
"Venezuela, RB",VEN,2019,72.766,112.7611084
Viet Nam,VNM,2019,74.211,171.15296936
Vanuatu,VUT,2019,70.783,112.13746643
World,WLD,2019,72.86766904,1081.88288387096
Samoa,WSM,2019,70.269,242.9050293
"Yemen, Rep.",YEM,2019,66.567,43.06481552
South Africa,ZAF,2019,66.071,538.80426025
Zambia,ZMB,2019,62.914,85.02349854
Zimbabwe,ZWE,2019,61.06,55.10725403
Africa Eastern and Southern,AFE,2020,63.766484,81.5518950187536
Afghanistan,AFG,2020,61.454,80.0892334
Africa Western and Central,AFW,2020,57.3644254,64.4074227528619
Angola,AGO,2020,63.116,55.93916321
Albania,ALB,2020,77.824,396.17477417
Andorra,AND,2020,79.418,3282.81738281
Arab World,ARB,2020,70.72655881,325.636172435532
United Arab Emirates,ARE,2020,81.936,2154.41113281
Argentina,ARG,2020,75.878,891.99621582
Armenia,ARM,2020,73.37560976,535.2723999
Antigua and Barbuda,ATG,2020,77.161,883.50018311
Australia,AUS,2020,83.2,5952.890625
Austria,AUT,2020,81.19268293,5531.0234375
Azerbaijan,AZE,2020,70.312,245.21949768
Burundi,BDI,2020,62.569,26.21934319
Belgium,BEL,2020,80.69512195,5144.98144531
Benin,BEN,2020,60.154,32.55360031
Burkina Faso,BFA,2020,60.454,54.28778839
Bangladesh,BGD,2020,71.421,51.00624084
Bulgaria,BGR,2020,73.35609756,856.70440674
Bahrain,BHR,2020,78.683,1101.79211426
"Bahamas, The",BHS,2020,72.994,1871.10473633
Bosnia and Herzegovina,BIH,2020,76.04,594.8225708
Belarus,BLR,2020,72.13856098,420.43655396
Belize,BLZ,2020,71.58,280.52630615
Bolivia,BOL,2020,62.906,248.69514465
Brazil,BRA,2020,74.506,680.76843262
Barbados,BRB,2020,76.647,1234.30041504
Brunei Darussalam,BRN,2020,75.114,657.90374756
Bhutan,BTN,2020,72.253,134.13723755
Botswana,BWA,2020,67.643,386.28860474
Central African Republic,CAF,2020,50.596,42.634758
Canada,CAN,2020,81.53512195,5649.16943359
Central Europe and the Baltics,CEB,2020,76.00740262,1180.70377292216
Switzerland,CHE,2020,83.0,10348.34667969
Chile,CHL,2020,79.349,1270.97814941
China,CHN,2020,78.019,582.95092773
Cote d'Ivoire,CIV,2020,60.14,78.97766876
Cameroon,CMR,2020,61.674,66.17185211
"Congo, Dem. Rep.",COD,2020,60.428,20.5593071
"Congo, Rep.",COG,2020,64.391,80.09735107
Colombia,COL,2020,74.757,464.9777832
Comoros,COM,2020,65.756,89.67817688
Cabo Verde,CPV,2020,73.818,235.4349823
Costa Rica,CRI,2020,79.725,969.89099121
Caribbean small states,CSS,2020,71.62762088,690.285027388947
Cuba,CUB,2020,77.407,1199.35327148
Cyprus,CYP,2020,81.23,2483.06005859
Czechia,CZE,2020,78.22682927,2106.28027344
Germany,DEU,2020,81.04146341,5932.20019531
Djibouti,DJI,2020,64.2,66.92816925
Dominica,DMA,2020,71.269,457.01919556
Denmark,DNK,2020,81.60243902,6530.47509766
Dominican Republic,DOM,2020,72.636,353.79364014
Algeria,DZA,2020,73.257,211.07276917
East Asia & Pacific (excluding high income),EAP,2020,75.69763933,446.479702327493
Early-demographic dividend,EAR,2020,69.88013085,162.009466846697
East Asia & Pacific,EAS,2020,76.54343761,793.628342680854
Europe & Central Asia (excluding high income),ECA,2020,73.55890734,313.043363151502
Europe & Central Asia,ECS,2020,77.17461024,2519.356392986
Ecuador,ECU,2020,72.004,473.01956177
"Egypt, Arab Rep.",EGY,2020,69.79,148.35269165
Euro area,EMU,2020,81.48750669,4261.55143857216
Eritrea,ERI,2020,66.98,27.66241646
Spain,ESP,2020,82.23170732,2898.00537109
Estonia,EST,2020,78.59512195,1789.03417969
Ethiopia,ETH,2020,65.969,28.28001595
European Union,EUU,2020,80.43102011,3737.37964981659
Fragile and conflict affected situations,FCS,2020,62.08818299,74.501655286409
Finland,FIN,2020,81.93170732,4736.21435547
Fiji,FJI,2020,66.924,256.25967407
France,FRA,2020,82.17560976,4747.51367188
"Micronesia, Fed. Sts.",FSM,2020,65.878,402.98059082
Gabon,GAB,2020,67.073,225.32466125
United Kingdom,GBR,2020,80.3317561,4816.15283203
Georgia,GEO,2020,73.509,351.94335938
Ghana,GHA,2020,64.309,97.37677765
Guinea,GIN,2020,59.35,41.1027565
"Gambia, The",GMB,2020,64.418,26.85589027
Guinea-Bissau,GNB,2020,61.343,68.1931076
Equatorial Guinea,GNQ,2020,62.141,230.32144165
Greece,GRC,2020,81.28780488,1674.78417969
Grenada,GRD,2020,75.019,477.34429932
Guatemala,GTM,2020,69.971,289.21640015
Guyana,GUY,2020,67.751,367.11260986
High income,HIC,2020,79.20014868,5464.28537185467
Honduras,HND,2020,70.864,212.7419281
Heavily indebted poor countries (HIPC),HPC,2020,63.07263197,47.7029776782202
Croatia,HRV,2020,77.52439024,1094.53283691
Haiti,HTI,2020,63.773,44.4271965
Hungary,HUN,2020,75.4195122,1172.83972168
IBRD only,IBD,2020,73.29566869,357.051517624436
IDA & IBRD total,IBT,2020,70.7496272,275.743927425266
IDA total,IDA,2020,63.80227499,53.6585716296305
IDA blend,IDB,2020,60.85081674,61.4539421453164
Indonesia,IDN,2020,68.817,131.8225708
IDA only,IDX,2020,65.2834588,49.7405887749603
India,IND,2020,70.156,63.83099747
Ireland,IRL,2020,82.45609756,6098.26660156
"Iran, Islamic Rep.",IRN,2020,74.141,201.4589386
Iraq,IRQ,2020,69.651,248.04725647
Iceland,ISL,2020,83.06341463,5692.89111328
Israel,ISR,2020,82.64878049,3616.50219727
Italy,ITA,2020,82.19512195,3062.09838867
Jamaica,JAM,2020,71.452,323.30215454
Jordan,JOR,2020,75.583,286.19711304
Japan,JPN,2020,84.56,4486.63671875
Kazakhstan,KAZ,2020,71.195,329.57086182
Kenya,KEN,2020,61.596,86.59217834
Kyrgyz Republic,KGZ,2020,71.8,61.40720367
Cambodia,KHM,2020,70.059,110.01118469
Kiribati,KIR,2020,65.205,239.24353027
St. Kitts and Nevis,KNA,2020,71.181,1067.96020508
"Korea, Rep.",KOR,2020,83.42682927,2649.33422852
Kuwait,KWT,2020,78.76097561,1523.4276123
Latin America & Caribbean (excluding high income),LAC,2020,72.93505211,575.420863954946
Lao PDR,LAO,2020,68.339,51.96581268
Lebanon,LBN,2020,76.299,518.296875
Liberia,LBR,2020,61.267,76.11009979
Libya,LBY,2020,72.388,472.62240601
St. Lucia,LCA,2020,72.308,577.55700684
Latin America & Caribbean,LCN,2020,73.18893367,589.402562006271
Least developed countries: UN classification,LDC,2020,64.83235854,42.7885098134034
Low income,LIC,2020,63.36948178,34.475400567965
Sri Lanka,LKA,2020,76.928,152.001297
Lower middle income,LMC,2020,68.04520211,78.6462887644994
Low & middle income,LMY,2020,70.66741062,253.949229462415
Lesotho,LSO,2020,55.133,97.32032776
Late-demographic dividend,LTE,2020,76.69353266,600.209894741484
Lithuania,LTU,2020,75.02926829,1520.39221191
Luxembourg,LUX,2020,82.14390244,6785.86230469
Latvia,LVA,2020,75.18536585,1313.35412598
Morocco,MAR,2020,73.133,185.45245361
Monaco,MCO,2020,86.089,7579.64404297
Moldova,MDA,2020,69.914,306.64892578
Madagascar,MDG,2020,62.706,16.78295326
Maldives,MDV,2020,78.713,845.82440186
Middle East & North Africa,MEA,2020,72.6473205,412.160941489063
Mexico,MEX,2020,70.449,535.11669922
Marshall Islands,MHL,2020,65.387,687.02435303
Middle income,MIC,2020,71.52862308,278.860480353763
North Macedonia,MKD,2020,74.39512195,510.81011963
Mali,MLI,2020,58.858,28.20211601
Malta,MLT,2020,82.09756098,3135.40527344
Myanmar,MMR,2020,66.612,66.02284241
Middle East & North Africa (excluding high income),MNA,2020,71.64098767,182.118910944761
Montenegro,MNE,2020,75.93170732,896.24884033
Mongolia,MNG,2020,71.34902439,188.77464294
Mozambique,MOZ,2020,61.39,34.87546539
Mauritania,MRT,2020,66.794,53.89974594
Mauritius,MUS,2020,74.17707317,541.95184326
Malawi,MWI,2020,65.216,43.22896194
Malaysia,MYS,2020,76.057,406.52005005
North America,NAC,2020,77.44987447,11052.9196310174
Namibia,NAM,2020,64.071,344.69924927
Niger,NER,2020,59.89,35.75509644
Nigeria,NGA,2020,53.072,67.91384888
Nicaragua,NIC,2020,70.766,165.88038635
Netherlands,NLD,2020,81.35853659,5865.90527344
Norway,NOR,2020,83.2097561,7824.57714844
Nepal,NPL,2020,69.106,59.07941437
Nauru,NRU,2020,61.527,1270.52563477
New Zealand,NZL,2020,82.25609756,4214.57177734
OECD members,OED,2020,78.95745823,5290.51646786761
Oman,OMN,2020,77.763,859.24969482
Other small states,OSS,2020,73.16288493,1004.11141850435
Pakistan,PAK,2020,65.701,36.9091301
Panama,PAN,2020,76.33,1358.4498291
Peru,PER,2020,73.832,399.59625244
Philippines,PHL,2020,70.097,166.61218262
Palau,PLW,2020,68.689,1934.02905273
Papua New Guinea,PNG,2020,65.075,55.92817688
Poland,POL,2020,76.4,1025.98486328
Pre-demographic dividend,PRE,2020,60.501207,58.7104287611817
Portugal,PRT,2020,81.32926829,2346.33081055
Paraguay,PRY,2020,72.72,411.81765747
West Bank and Gaza,PSE,2020,74.998,314.82254028
Pacific island small states,PSS,2020,68.35681088,227.952101156833
Post-demographic dividend,PST,2020,80.06358358,6345.60435702669
Qatar,QAT,2020,80.409,1967.15197754
Romania,ROU,2020,74.25365854,809.58880615
Russian Federation,RUS,2020,71.33878049,814.94451904
Rwanda,RWA,2020,66.953,58.29339218
South Asia,SAS,2020,69.6005741,60.8853281572038
Saudi Arabia,SAU,2020,77.596,1574.70068359
Sudan,SDN,2020,65.124,22.17246819
Senegal,SEN,2020,67.496,75.16521454
Singapore,SGP,2020,83.54390244,3492.35986328
Solomon Islands,SLB,2020,69.258,100.99560547
Sierra Leone,SLE,2020,59.694,47.8861618
El Salvador,SLV,2020,70.244,357.78799438
San Marino,SMR,2020,82.65,3758.609375
Somalia,SOM,2020,57.095,12.42313194
Serbia,SRB,2020,74.47804878,670.19439697
Sub-Saharan Africa (excluding high income),SSA,2020,61.16617353,74.5398786563299
South Sudan,SSD,2020,57.648,47.23431778
Sub-Saharan Africa,SSF,2020,61.16752708,74.591986088977
Small states,SST,2020,72.28295327,851.595514419354
Sao Tome and Principe,STP,2020,67.979,159.84396362
Suriname,SUR,2020,72.321,453.44619751
Slovak Republic,SVK,2020,76.86585366,1393.62438965
Slovenia,SVN,2020,80.53170732,2417.20874023
Sweden,SWE,2020,82.35609756,6003.09375
Eswatini,SWZ,2020,59.862,236.25013733
Seychelles,SYC,2020,77.23658537,693.1987915
Syrian Arab Republic,SYR,2020,71.944,30.63546944
Chad,TCD,2020,53.082,37.73088074
East Asia & Pacific (IDA & IBRD countries),TEA,2020,75.73384971,446.49690890404
Europe & Central Asia (IDA & IBRD countries),TEC,2020,73.15519395,564.736740909194
Togo,TGO,2020,61.123,52.75213242
Thailand,THA,2020,77.331,304.3817749
Tajikistan,TJK,2020,68.605,74.17329407
Turkmenistan,TKM,2020,68.846,420.0083313
Latin America & the Caribbean (IDA & IBRD countries),TLA,2020,73.07474936,577.777466140481
Timor-Leste,TLS,2020,66.919,118.49451447
Middle East & North Africa (IDA & IBRD countries),TMN,2020,71.60200709,180.577997489386
Tonga,TON,2020,72.379,256.30737305
South Asia (IDA & IBRD),TSA,2020,69.6005741,60.8853281572038
Sub-Saharan Africa (IDA & IBRD countries),TSS,2020,61.16752708,74.591986088977
Trinidad and Tobago,TTO,2020,72.645,1051.83642578
Tunisia,TUN,2020,75.004,250.46203613
Turkiye,TUR,2020,76.525,386.2593689
Tuvalu,TUV,2020,66.357,923.06542969
Tanzania,TZA,2020,66.771,31.72098923
Uganda,UGA,2020,66.41,44.73381805
Ukraine,UKR,2020,73.283,265.07846069
Upper middle income,UMC,2020,75.22934746,491.700926753761
Uruguay,URY,2020,78.381,1432.00463867
United States,USA,2020,76.9804878,11672.77050781
Uzbekistan,UZB,2020,71.461,120.29019165
St. Vincent and the Grenadines,VCT,2020,69.605,406.3571167
"Venezuela, RB",VEN,2020,72.369,153.24269104
Viet Nam,VNM,2020,75.383,153.10160828
Vanuatu,VUT,2020,70.385,125.41011047
World,WLD,2020,72.1827672,1158.1058889075
Samoa,WSM,2020,70.727,256.74545288
"Yemen, Rep.",YEM,2020,66.435,32.30203629
South Africa,ZAF,2020,65.15,503.46759033
Zambia,ZMB,2020,63.361,60.01779938
Zimbabwe,ZWE,2020,61.53,51.14250565
Africa Eastern and Southern,AFE,2021,62.97999919,92.3865748809452
Afghanistan,AFG,2021,60.417,81.52112579
Africa Western and Central,AFW,2021,57.36257169,72.2410946748859
Angola,AGO,2021,62.958,67.04656982
Albania,ALB,2021,76.844,465.57043457
Andorra,AND,2021,82.331,3535.98974609
Arab World,ARB,2021,70.40411449,334.396705984831
United Arab Emirates,ARE,2021,79.083,2249.96313477
Argentina,ARG,2021,73.948,1080.88208008
Armenia,ARM,2021,72.27804878,595.83544922
Antigua and Barbuda,ATG,2021,77.197,843.4654541
Australia,AUS,2021,83.3,7039.57763672
Austria,AUT,2021,81.1902439,6520.49072266
Azerbaijan,AZE,2021,70.999,250.9887085
Burundi,BDI,2021,62.101,23.21740532
Belgium,BEL,2021,81.7902439,5743.62109375
Benin,BEN,2021,59.61,34.03829193
Burkina Faso,BFA,2021,60.046,57.22399521
Bangladesh,BGD,2021,71.103,58.53958511
Bulgaria,BGR,2021,71.21219512,1047.45739746
Bahrain,BHR,2021,78.083,1175.28198242
"Bahamas, The",BHS,2021,70.752,2037.53186035
Bosnia and Herzegovina,BIH,2021,74.567,697.07427979
Belarus,BLR,2021,72.07146341,484.03930664
Belize,BLZ,2021,70.917,310.2124939
Bolivia,BOL,2021,61.427,276.20880127
Brazil,BRA,2021,73.038,768.27075195
Barbados,BRB,2021,76.58,1391.49853516
Brunei Darussalam,BRN,2021,74.869,665.54083252
Bhutan,BTN,2021,72.448,103.67519379
Botswana,BWA,2021,63.303,492.14260864
Central African Republic,CAF,2021,40.279,46.24643707
Canada,CAN,2021,81.51682927,6483.37695313
Central Europe and the Baltics,CEB,2021,74.70989562,1405.06668895672
Switzerland,CHE,2021,83.75121951,11262.23046875
Chile,CHL,2021,78.876,1576.69287109
China,CHN,2021,78.117,670.25897217
Cote d'Ivoire,CIV,2021,60.29,92.39588928
Cameroon,CMR,2021,61.146,72.56921387
"Congo, Dem. Rep.",COD,2021,60.044,21.58848572
"Congo, Rep.",COG,2021,64.192,79.3296051
Colombia,COL,2021,72.698,561.11627197
Comoros,COM,2021,65.201,100.04210663
Cabo Verde,CPV,2021,74.424,282.93057251
Costa Rica,CRI,2021,78.05,977.14831543
Caribbean small states,CSS,2021,69.40059934,726.236117676879
Cyprus,CYP,2021,80.573,3118.24267578
Czechia,CZE,2021,77.22195122,2538.03344727
Germany,DEU,2021,80.7902439,6638.20800781
Djibouti,DJI,2021,63.83,87.16930389
Dominica,DMA,2021,69.832,521.84313965
Denmark,DNK,2021,81.40487805,7465.77294922
Dominican Republic,DOM,2021,71.757,416.68310547
Algeria,DZA,2021,75.208,208.52682495
East Asia & Pacific (excluding high income),EAP,2021,75.27814184,514.728346249158
Early-demographic dividend,EAR,2021,68.17909948,185.036170737778
East Asia & Pacific,EAS,2021,76.15300938,879.237648700468
Europe & Central Asia (excluding high income),ECA,2021,72.88741127,373.149795862128
Europe & Central Asia,ECS,2021,76.72585205,2851.82227097085
Ecuador,ECU,2021,72.746,498.60794067
"Egypt, Arab Rep.",EGY,2021,68.976,176.93664551
Euro area,EMU,2021,81.58381966,4786.01248319798
Eritrea,ERI,2021,66.94,27.58759499
Spain,ESP,2021,83.17804878,3144.11181641
Estonia,EST,2021,76.94390244,2091.15649414
Ethiopia,ETH,2021,65.33,26.06936646
European Union,EUU,2021,80.29813817,4222.57923851093
Fragile and conflict affected situations,FCS,2021,61.6321268,80.7243483362665
Finland,FIN,2021,81.88536585,5261.90966797
Fiji,FJI,2021,64.904,331.58413696
France,FRA,2021,82.32439024,5376.74560547
"Micronesia, Fed. Sts.",FSM,2021,66.152,398.76144409
Gabon,GAB,2021,67.072,228.84915161
United Kingdom,GBR,2021,80.64731707,5612.04931641
Georgia,GEO,2021,71.635,413.7199707
Ghana,GHA,2021,64.286,94.40388489
Guinea,GIN,2021,59.373,44.10476303
"Gambia, The",GMB,2021,63.847,25.39263344
Guinea-Bissau,GNB,2021,61.653,68.37879181
Equatorial Guinea,GNQ,2021,62.447,236.81486511
Greece,GRC,2021,80.08292683,1846.37304688
Grenada,GRD,2021,74.522,514.32141113
Guatemala,GTM,2021,67.858,341.14865112
Guyana,GUY,2021,64.323,462.59054565
High income,HIC,2021,78.80038908,5852.23797400232
Honduras,HND,2021,69.492,253.63349915
Heavily indebted poor countries (HIPC),HPC,2021,62.53137357,51.2303480133665
Croatia,HRV,2021,76.42439024,1384.11914063
Haiti,HTI,2021,62.613,57.62987518
Hungary,HUN,2021,74.06585366,1381.62109375
IBRD only,IBD,2021,71.97446317,409.15201250996
IDA & IBRD total,IBT,2021,69.66834126,314.418794744038
IDA total,IDA,2021,63.47737994,59.8513918711876
IDA blend,IDB,2021,60.90505608,72.3133613174453
Indonesia,IDN,2021,67.452,158.89761353
IDA only,IDX,2021,64.76484212,53.6049471773865
India,IND,2021,67.282,75.54971313
Ireland,IRL,2021,82.25365854,6764.25878906
"Iran, Islamic Rep.",IRN,2021,73.752,233.74671936
Iraq,IRQ,2021,70.704,251.59538269
Iceland,ISL,2021,83.16585366,6722.421875
Israel,ISR,2021,82.5,4190.61328125
Italy,ITA,2021,82.64634146,3399.85766602
Jamaica,JAM,2021,69.085,371.14056396
Jordan,JOR,2021,74.204,301.28631592
Japan,JPN,2021,84.44560976,4482.61816406
Kazakhstan,KAZ,2021,70.131,391.81536865
Kenya,KEN,2021,61.225,94.1061554
Kyrgyz Republic,KGZ,2021,71.9,72.58777618
Cambodia,KHM,2021,69.301,119.6354599
Kiribati,KIR,2021,64.148,262.54107666
St. Kitts and Nevis,KNA,2021,69.271,1134.47509766
"Korea, Rep.",KOR,2021,83.52682927,3141.52246094
Kuwait,KWT,2021,78.73658537,1788.77563477
Latin America & Caribbean (excluding high income),LAC,2021,71.49470561,644.723652845693
Lao PDR,LAO,2021,67.807,68.61697388
Lebanon,LBN,2021,73.65,311.84085083
Liberia,LBR,2021,61.166,92.3295517
Libya,LBY,2021,72.062,306.70458984
St. Lucia,LCA,2021,69.119,588.36962891
Latin America & Caribbean,LCN,2021,71.81416658,664.397846304484
Least developed countries: UN classification,LDC,2021,64.26734233,46.3073459120771
Low income,LIC,2021,62.89603336,35.1636024763438
Sri Lanka,LKA,2021,76.278,157.13322449
Lower middle income,LMC,2021,66.37317339,91.2214343712279
Low & middle income,LMY,2021,69.5967856,288.628945692165
Lesotho,LSO,2021,54.209,116.60222626
Late-demographic dividend,LTE,2021,76.30589611,684.61277480402
Lithuania,LTU,2021,74.03658537,1854.28051758
Luxembourg,LUX,2021,82.59756098,7632.57275391
Latvia,LVA,2021,72.9804878,1897.95275879
Morocco,MAR,2021,73.385,211.94190979
Monaco,MCO,2021,85.113,8222.6640625
Moldova,MDA,2021,68.991,410.12298584
Madagascar,MDG,2021,62.516,17.17938805
Maldives,MDV,2021,78.052,1057.34313965
Middle East & North Africa,MEA,2021,72.40527514,438.857451961773
Mexico,MEX,2021,69.75,606.13415527
Marshall Islands,MHL,2021,65.421,782.16351318
Middle income,MIC,2021,70.40237626,318.021990034954
North Macedonia,MKD,2021,73.24634146,636.65447998
Mali,MLI,2021,59.116,30.61906815
Malta,MLT,2021,82.25853659,3641.61938477
Myanmar,MMR,2021,65.553,71.14800262
Middle East & North Africa (excluding high income),MNA,2021,71.50696743,194.156816250847
Montenegro,MNE,2021,73.82439024,1024.2565918
Mongolia,MNG,2021,71.64512195,330.03753662
Mozambique,MOZ,2021,60.268,45.22790909
Mauritania,MRT,2021,66.762,73.6309433
Mauritius,MUS,2021,73.6802439,593.77947998
Malawi,MWI,2021,64.782,47.58463669
Malaysia,MYS,2021,73.917,476.94366455
North America,NAC,2021,76.86584145,11429.4810325177
Namibia,NAM,2021,60.85,413.51190186
Niger,NER,2021,59.542,35.39406204
Nigeria,NGA,2021,53.455,81.87322235
Nicaragua,NIC,2021,70.478,204.21273804
Netherlands,NLD,2021,81.3097561,6554.96826172
Norway,NOR,2021,83.16341463,9163.13867188
Nepal,NPL,2021,68.385,66.54234314
Nauru,NRU,2021,61.331,1809.3338623
New Zealand,NZL,2021,82.20731707,4967.38183594
OECD members,OED,2021,78.58823295,5654.47302297096
Oman,OMN,2021,75.969,856.42144775
Other small states,OSS,2021,72.44579856,1172.92230458746
Pakistan,PAK,2021,65.773,42.79639816
Panama,PAN,2021,77.004,1417.1541748
Peru,PER,2021,71.596,455.69836426
Philippines,PHL,2021,66.675,208.192276
Palau,PLW,2021,68.563,1916.50598145
Papua New Guinea,PNG,2021,64.358,61.02529907
Poland,POL,2021,75.35121951,1183.30236816
Pre-demographic dividend,PRE,2021,60.27525051,64.6270770066943
Portugal,PRT,2021,81.37804878,2760.16503906
Paraguay,PRY,2021,68.108,480.11322021
West Bank and Gaza,PSE,2021,73.89,364.4173584
Pacific island small states,PSS,2021,67.48102092,264.308702277573
Post-demographic dividend,PST,2021,79.79247467,6835.17800046888
Qatar,QAT,2021,81.083,1847.00231934
Romania,ROU,2021,72.8097561,963.01287842
Russian Federation,RUS,2021,69.9002439,881.75720215
Rwanda,RWA,2021,66.85,60.46223831
South Asia,SAS,2021,67.4105303,71.1688674912502
Saudi Arabia,SAU,2021,77.089,1654.74353027
Sudan,SDN,2021,64.46,20.4981575
Senegal,SEN,2021,66.868,71.12162781
Singapore,SGP,2021,83.09268293,4044.17333984
Solomon Islands,SLB,2021,68.89,98.7951355
Sierra Leone,SLE,2021,60.26,44.90049362
El Salvador,SLV,2021,69.941,470.14025879
San Marino,SMR,2021,83.539,4033.1027832
Somalia,SOM,2021,55.703,14.63377476
Serbia,SRB,2021,72.7804878,919.16790771
Sub-Saharan Africa (excluding high income),SSA,2021,60.70238542,84.17714746415
South Sudan,SSD,2021,57.047,34.53858948
Sub-Saharan Africa,SSF,2021,60.70343637,84.2222592284782
Small states,SST,2021,71.30763635,982.028862314211
Sao Tome and Principe,STP,2021,68.026,187.06524658
Suriname,SUR,2021,68.943,294.25476074
Slovak Republic,SVK,2021,74.61463415,1684.51550293
Slovenia,SVN,2021,80.67560976,2779.56591797
Sweden,SWE,2021,83.05609756,6842.46044922
Eswatini,SWZ,2021,58.228,296.82846069
Seychelles,SYC,2021,73.39756098,629.11602783
Syrian Arab Republic,SYR,2021,72.418,25.79880524
Chad,TCD,2021,53.136,37.59156799
East Asia & Pacific (IDA & IBRD countries),TEA,2021,75.30098061,514.747413642451
Europe & Central Asia (IDA & IBRD countries),TEC,2021,72.15312757,640.286887368907
Togo,TGO,2021,61.328,52.72237015
Thailand,THA,2021,77.606,363.72845459
Tajikistan,TJK,2021,69.594,75.10315704
Turkmenistan,TKM,2021,69.353,471.86325073
Latin America & the Caribbean (IDA & IBRD countries),TLA,2021,71.74492746,663.539185074175
Timor-Leste,TLS,2021,66.199,132.07870483
Middle East & North Africa (IDA & IBRD countries),TMN,2021,71.47904016,192.161496002559
Tonga,TON,2021,72.13,341.50390625
South Asia (IDA & IBRD),TSA,2021,67.4105303,71.1688674912502
Sub-Saharan Africa (IDA & IBRD countries),TSS,2021,60.70343637,84.2222592284782
Trinidad and Tobago,TTO,2021,71.111,1173.39306641
Tunisia,TUN,2021,72.893,270.34024048
Turkiye,TUR,2021,75.722,431.33978271
Tuvalu,TUV,2021,65.824,1152.32275391
Tanzania,TZA,2021,66.131,37.56311798
Uganda,UGA,2021,66.45,51.03484726
Ukraine,UKR,2021,71.631,369.90487671
Upper middle income,UMC,2021,74.72003365,562.183633906446
Uruguay,URY,2021,75.434,1594.98059082
United States,USA,2021,76.32926829,11999.09082031
Uzbekistan,UZB,2021,71.681,156.44789124
St. Vincent and the Grenadines,VCT,2021,69.132,454.80987549
"Venezuela, RB",VEN,2021,71.536,162.50117493
Viet Nam,VNM,2021,74.145,168.08033752
Vanuatu,VUT,2021,69.952,141.28567505
World,WLD,2021,71.21537572,1245.79424354736
Samoa,WSM,2021,71.096,270.41333008
"Yemen, Rep.",YEM,2021,66.019,32.01807785
South Africa,ZAF,2021,62.01,592.53417969
Zambia,ZMB,2021,62.363,74.83802795
Zimbabwe,ZWE,2021,60.135,63.51144791
Africa Eastern and Southern,AFE,2022,64.48701955,92.5815209732848
Afghanistan,AFG,2022,65.617,80.6516037
Africa Western and Central,AFW,2022,57.98781339,74.4213512159563
Angola,AGO,2022,64.246,101.25614166
Albania,ALB,2022,78.769,414.35025024
Andorra,AND,2022,84.016,3192.31567383
Arab World,ARB,2022,71.8760956,329.953683266806
United Arab Emirates,ARE,2022,80.487,2314.74511719
Argentina,ARG,2022,75.806,1370.88464355
Armenia,ARM,2022,74.76585366,674.78619385
Antigua and Barbuda,ATG,2022,77.483,1084.88330078
Australia,AUS,2022,83.2,6730.99511719
Austria,AUT,2022,81.29512195,5851.96240234
Azerbaijan,AZE,2022,74.125,304.20162964
Burundi,BDI,2022,62.882,24.68718529
Belgium,BEL,2022,81.74878049,5404.62402344
Benin,BEN,2022,60.475,33.88216782
Burkina Faso,BFA,2022,60.7,56.75708389
Bangladesh,BGD,2022,74.265,61.09237671
Bulgaria,BGR,2022,74.16097561,1011.09472656
Bahrain,BHR,2022,80.992,1110.67590332
"Bahamas, The",BHS,2022,74.491,2341.32348633
Bosnia and Herzegovina,BIH,2022,76.777,667.29681396
Belarus,BLR,2022,74.10336585,529.01873779
Belize,BLZ,2022,72.19,297.4163208
Bolivia,BOL,2022,67.434,307.13800049
Brazil,BRA,2022,74.872,848.57122803
Barbados,BRB,2022,75.676,1302.0592041
Brunei Darussalam,BRN,2022,72.917,665.86773682
Bhutan,BTN,2022,72.754,154.48924255
Botswana,BWA,2022,68.749,477.83258057
Central African Republic,CAF,2022,18.818,47.91517639
Canada,CAN,2022,81.24536585,6255.02783203
Central Europe and the Baltics,CEB,2022,76.64756408,1360.47320653773
Switzerland,CHE,2022,83.60487805,10963.43066406
Chile,CHL,2022,79.176,1547.28967285
China,CHN,2022,78.202,672.45159912
Cote d'Ivoire,CIV,2022,61.562,86.15213013
Cameroon,CMR,2022,62.443,71.97737885
"Congo, Dem. Rep.",COD,2022,60.979,24.38615036
"Congo, Rep.",COG,2022,65.0,50.60568619
Colombia,COL,2022,76.508,505.50805664
Comoros,COM,2022,66.481,122.93584442
Cabo Verde,CPV,2022,75.907,285.9694519
Costa Rica,CRI,2022,79.316,978.84155273
Caribbean small states,CSS,2022,72.61478081,792.946869962025
Cyprus,CYP,2022,80.434,2864.15649414
Czechia,CZE,2022,78.92926829,2431.08496094
Germany,DEU,2022,80.60804878,6182.34375
Djibouti,DJI,2022,65.54,81.80969238
Dominica,DMA,2022,71.081,574.41748047
Denmark,DNK,2022,81.30487805,6456.08398438
Dominican Republic,DOM,2022,74.211,462.26287842
Algeria,DZA,2022,76.129,179.69688416
East Asia & Pacific (excluding high income),EAP,2022,75.93254094,510.485887004471
Early-demographic dividend,EAR,2022,71.43045525,187.714153624307
East Asia & Pacific,EAS,2022,76.67678366,837.623016428234
Europe & Central Asia (excluding high income),ECA,2022,74.57858143,367.777921804364
Europe & Central Asia,ECS,2022,77.83558231,2792.5885919608
Ecuador,ECU,2022,76.577,492.83575439
"Egypt, Arab Rep.",EGY,2022,71.01,170.97909546
Euro area,EMU,2022,81.62098749,4413.93753666579
Eritrea,ERI,2022,67.789,27.08350372
Spain,ESP,2022,83.13414634,2910.83764648
Estonia,EST,2022,77.84390244,1998.88549805
Ethiopia,ETH,2022,66.897,27.0685215
European Union,EUU,2022,80.70961581,3896.0775599449
Fragile and conflict affected situations,FCS,2022,62.72768319,71.8773072908195
Finland,FIN,2022,81.18780488,4902.0390625
Fiji,FJI,2022,67.148,217.15068054
France,FRA,2022,82.12926829,4865.17822266
"Micronesia, Fed. Sts.",FSM,2022,66.961,396.7605896
Gabon,GAB,2022,67.713,247.09622192
United Kingdom,GBR,2022,81.01121951,5035.6171875
Georgia,GEO,2022,74.141,477.70956421
Ghana,GHA,2022,65.246,82.32108307
Guinea,GIN,2022,60.432,55.03785324
"Gambia, The",GMB,2022,64.859,28.89956109
Guinea-Bissau,GNB,2022,63.605,66.05480957
Equatorial Guinea,GNQ,2022,63.355,190.09381104
Greece,GRC,2022,80.78780488,1768.11071777
Grenada,GRD,2022,75.151,521.23730469
Guatemala,GTM,2022,71.206,396.07998657
Guyana,GUY,2022,69.888,531.62786865
High income,HIC,2022,79.43208089,5767.16618068217
Honduras,HND,2022,72.715,251.04405212
Heavily indebted poor countries (HIPC),HPC,2022,63.84044586,51.3241280772343
Croatia,HRV,2022,77.57560976,1344.19006348
Haiti,HTI,2022,63.948,52.29947662
Hungary,HUN,2022,75.86829268,1224.43383789
IBRD only,IBD,2022,74.25155557,420.557214641415
IDA & IBRD total,IBT,2022,71.67798313,321.202202794027
IDA total,IDA,2022,64.88229029,60.7868829178417
IDA blend,IDB,2022,62.15658709,74.5731318838019
Indonesia,IDN,2022,70.925,127.44384766
IDA only,IDX,2022,66.24292489,53.8951846899425
India,IND,2022,71.698,79.51509857
Ireland,IRL,2022,82.5097561,6448.02197266
"Iran, Islamic Rep.",IRN,2022,76.799,237.82546997
Iraq,IRQ,2022,72.037,254.62432861
Iceland,ISL,2022,82.1195122,6851.62939453
Israel,ISR,2022,82.7,4223.87255859
Italy,ITA,2022,82.7,3134.68066406
Jamaica,JAM,2022,71.481,468.34671021
Jordan,JOR,2022,77.088,295.13876343
Japan,JPN,2022,83.99634146,3889.35717773
Kazakhstan,KAZ,2022,73.503,420.97982788
Kenya,KEN,2022,63.549,90.43982697
Kyrgyz Republic,KGZ,2022,72.04878049,85.87857056
Cambodia,KHM,2022,70.528,109.52975464
Kiribati,KIR,2022,66.269,217.68276978
St. Kitts and Nevis,KNA,2022,70.313,1160.26428223
"Korea, Rep.",KOR,2022,82.6804878,3049.67163086
Kuwait,KWT,2022,80.58780488,1700.31958008
Latin America & Caribbean (excluding high income),LAC,2022,74.53124432,704.173692064535
Lao PDR,LAO,2022,68.715,41.34779739
Lebanon,LBN,2022,78.003,392.38327026
Liberia,LBR,2022,61.934,99.65045929
Libya,LBY,2022,74.462,278.3821106
St. Lucia,LCA,2022,72.67,644.80279541
Latin America & Caribbean,LCN,2022,74.64719877,721.890892765768
Least developed countries: UN classification,LDC,2022,65.76318576,48.1820821472757
Low income,LIC,2022,64.05975851,36.846810960238
Sri Lanka,LKA,2022,77.3,145.55810547
Lower middle income,LMC,2022,69.30723921,93.2497611816143
Low & middle income,LMY,2022,71.59978189,291.337825736532
Lesotho,LSO,2022,56.812,133.70170593
Late-demographic dividend,LTE,2022,76.95446966,704.886160528119
Lithuania,LTU,2022,75.64390244,1829.66320801
Luxembourg,LUX,2022,82.94634146,7022.62695313
Latvia,LVA,2022,74.27804878,1642.47131348
Morocco,MAR,2022,75.161,199.21412659
Monaco,MCO,2022,85.746,7655.94042969
Moldova,MDA,2022,71.546,398.14910889
Madagascar,MDG,2022,63.068,16.32154655
Maldives,MDV,2022,80.76,1150.68554688
Middle East & North Africa,MEA,2022,74.27840148,434.860789728932
Mexico,MEX,2022,73.973,650.97070313
Marshall Islands,MHL,2022,66.725,758.44873047
Middle income,MIC,2022,72.52345045,321.647547243771
North Macedonia,MKD,2022,74.42487805,561.69281006
Mali,MLI,2022,60.035,29.74292755
Malta,MLT,2022,82.44878049,3352.77490234
Myanmar,MMR,2022,66.506,57.96875763
Middle East & North Africa (excluding high income),MNA,2022,73.53471752,190.352821071557
Montenegro,MNE,2022,76.18780488,1107.06445313
Mongolia,MNG,2022,71.90073171,448.24212646
Mozambique,MOZ,2022,63.011,49.4729538
Mauritania,MRT,2022,68.281,90.41540527
Mauritius,MUS,2022,73.51463415,590.93572998
Malawi,MWI,2022,66.037,39.65991211
Malaysia,MYS,2022,75.444,458.21963501
North America,NAC,2022,77.83359528,11787.9707767805
Namibia,NAM,2022,64.19,405.59393311
Niger,NER,2022,60.398,26.50681686
Nigeria,NGA,2022,54.079,90.92185211
Nicaragua,NIC,2022,74.463,208.47544861
Netherlands,NLD,2022,81.61463415,5796.03466797
Norway,NOR,2022,82.5097561,8692.57617188
Nepal,NPL,2022,70.087,88.26616669
Nauru,NRU,2022,61.93,2264.20239258
New Zealand,NZL,2022,81.95853659,4804.37792969
OECD members,OED,2022,79.52262709,5547.7538565416
Oman,OMN,2022,77.911,706.92224121
Other small states,OSS,2022,73.77096871,1142.4613074351
Pakistan,PAK,2022,67.417,38.76602173
Panama,PAN,2022,79.324,1472.04638672
Peru,PER,2022,76.834,445.85757446
Philippines,PHL,2022,69.472,182.93429565
Palau,PLW,2022,68.922,1978.85437012
Papua New Guinea,PNG,2022,65.274,81.11356354
Poland,POL,2022,77.15609756,1193.13061523
Pre-demographic dividend,PRE,2022,61.383288,67.5807973137606
Portugal,PRT,2022,81.63170732,2580.75634766
Paraguay,PRY,2022,72.319,480.19396973
West Bank and Gaza,PSE,2022,76.662,350.63812256
Pacific island small states,PSS,2022,69.1004349,219.941936686575
Post-demographic dividend,PST,2022,80.19865192,6979.4818221298
Qatar,QAT,2022,81.857,1781.56030273
Romania,ROU,2022,75.15365854,902.2677002
Russian Federation,RUS,2022,72.54560976,1078.23486328
Rwanda,RWA,2022,67.528,76.83828735
South Asia,SAS,2022,71.2978161,73.9982775243094
Saudi Arabia,SAU,2022,77.31,1593.37145996
Sudan,SDN,2022,65.695,31.57727051
Senegal,SEN,2022,67.788,63.73388672
Singapore,SGP,2022,82.89512195,4320.51611328
Solomon Islands,SLB,2022,70.409,96.73880768
Sierra Leone,SLE,2022,61.275,39.31665802
El Salvador,SLV,2022,71.969,501.24411011
San Marino,SMR,2022,85.708,3874.98535156
Somalia,SOM,2022,53.931,15.34639168
Serbia,SRB,2022,75.23658537,903.11828613
Sub-Saharan Africa (excluding high income),SSA,2022,61.85602427,85.1737378602181
South Sudan,SSD,2022,57.203,49.41268158
Sub-Saharan Africa,SSF,2022,61.85717959,85.2331865877916
Small states,SST,2022,72.96989113,965.269872063644
Sao Tome and Principe,STP,2022,69.237,180.3336792
Suriname,SUR,2022,73.254,343.85302734
Slovak Republic,SVK,2022,76.96585366,1642.39208984
Slovenia,SVN,2022,81.28292683,2737.84936523
Sweden,SWE,2022,83.05853659,5943.36132813
Eswatini,SWZ,2022,63.028,283.88345337
Seychelles,SYC,2022,73.70243902,694.75085449
Syrian Arab Republic,SYR,2022,72.79,34.36484528
Chad,TCD,2022,54.528,40.17007446
East Asia & Pacific (IDA & IBRD countries),TEA,2022,75.96103475,510.508082812985
Europe & Central Asia (IDA & IBRD countries),TEC,2022,74.19156394,728.68650759212
Togo,TGO,2022,62.29,54.01099014
Thailand,THA,2022,75.291,369.97647095
Tajikistan,TJK,2022,71.562,78.61326599
Turkmenistan,TKM,2022,69.913,579.15454102
Latin America & the Caribbean (IDA & IBRD countries),TLA,2022,74.56842935,720.881567229965
Timor-Leste,TLS,2022,67.368,174.91215515
Middle East & North Africa (IDA & IBRD countries),TMN,2022,73.49779493,188.460395411314
Tonga,TON,2022,72.635,378.30541992
South Asia (IDA & IBRD),TSA,2022,71.2978161,73.9982775243094
Sub-Saharan Africa (IDA & IBRD countries),TSS,2022,61.85717959,85.2331865877916
Trinidad and Tobago,TTO,2022,73.331,1292.01806641
Tunisia,TUN,2022,76.05,265.85464478
Turkiye,TUR,2022,77.591,385.87997437
Tuvalu,TUV,2022,66.852,1084.66955566
Tanzania,TZA,2022,66.879,35.64775848
Uganda,UGA,2022,67.675,44.14502716
Upper middle income,UMC,2022,76.00346763,573.609164249619
Uruguay,URY,2022,76.468,1850.80737305
United States,USA,2022,77.43414634,12434.43359375
Uzbekistan,UZB,2022,72.147,169.43212891
St. Vincent and the Grenadines,VCT,2022,71.191,434.86938477
"Venezuela, RB",VEN,2022,72.566,208.56968689
Viet Nam,VNM,2022,74.502,188.89749146
Vanuatu,VUT,2022,71.302,135.42979431
World,WLD,2022,72.96873861,1234.59261715089
Samoa,WSM,2022,71.55,236.22660828
"Yemen, Rep.",YEM,2022,67.952,38.11569214
South Africa,ZAF,2022,65.454,569.84075928
Zambia,ZMB,2022,65.279,76.05962372
Zimbabwe,ZWE,2022,62.36,70.66313934
Andorra,AND,2023,84.041,3654.07470703
Austria,AUT,2023,81.54146341,6208.64453125
Canada,CAN,2023,81.64658537,6112.01953125
Chile,CHL,2023,81.167,1714.8927002
Colombia,COL,2023,77.725,534.43713379
Czechia,CZE,2023,79.87804878,2609.24072266
Germany,DEU,2023,80.54146341,6232.59130859
Denmark,DNK,2023,81.85365854,6432.37158203
Fiji,FJI,2023,67.316,212.88697815
United Kingdom,GBR,2023,81.23809756,5366.77685547
Hungary,HUN,2023,76.77073171,1407.48730469
Iceland,ISL,2023,82.60731707,7196.90917969
Italy,ITA,2023,83.7,3228.43505859
"Korea, Rep.",KOR,2023,83.42926829,3269.70385742
Lithuania,LTU,2023,76.98780488,1988.94665527
Luxembourg,LUX,2023,83.35853659,7504.58496094
Philippines,PHL,2023,69.833,194.05615234
Poland,POL,2023,78.50731707,1543.71240234
Portugal,PRT,2023,82.2804878,2743.57739258
Slovenia,SVN,2023,81.97804878,3033.32104492
Sweden,SWE,2023,83.3097561,6152.33300781
